hexagram_id,hexagram_name,line_number,fortune_value,fortune_text,interpretation
1,乾為天,1,0,平,「潜龍」とは田んぼの中に潜んだ龍のこと。「潜龍の時、自分の力をひけらかしてはならない」。今は、会社でいえば新入社員です。あなたには自分で思っているほど実力はありません。周囲の人もあなたの力を認めてくれていません。じっと我慢して力を蓄えましょう。
1,乾為天,2,1,吉,「見龍」とは田んぼの上に上がってきた龍のこと。「龍が田んぼに上がった時、有識者に相談することだ」。会社でいえば、あなたの存在がようやく認められ、主任になり受付に配属されたような時です。しかし、頭角を現し始めたといっても、まだまだ経験不足の時です。上司や見識ある人の指導を謙虚に受けましょう。◎良い時です。
1,乾為天,3,0,平,「惕若」とは畏れ慎むこと。「君子たるもの、一日中乾乾と仕事に励み、夕べになるまで慎重に頑張れば、危うい地位であるが問題はない」。易は課長の地位は大変だと見ます。今は本業に専念して頑張りましょう。粘りと気配りが大切です。
1,乾為天,4,0,平,「龍が池の淵から天に飛び立とうとしている時、問題はない」。会社では、社長の側近の部長の姿です。いくら実力が備わっていても、社長から睨まれて地方へ飛ばされてはおしまいです。焦らず、分限を守って慎重に行動しましょう。目標までもう一歩。
1,乾為天,5,2,大吉,「龍が天高く昇った時、有識者に相談することだ」。堂々たる社長の姿です。時と所を得てまさに絶好調の時です。ただし、優秀な部下の意見をよく聞いて進むような度量の広さも必要です。◎大変良い時です。
1,乾為天,6,0,平,「亢龍」とは昇りすぎた龍。「昇りすぎた龍は後悔することになる」。進むを知って退くを知らず、強気でやりすぎ、周囲から浮いてしまった姿が「亢龍」なのです。これ以上進めば心臓が止まって昇天してしまうか、燃料切れで墜落してしまうでしょう。◎あなたの考え方、進み方に問題点があります。よく反省し、改めましょう。
2,坤為地,1,0,平,「薄い霜も思いもよらず厚い氷になる」。全陰の卦の最下位の時、陰気くさい、取るに足らない言動が、いつの間にか取り返しのつかない厚い氷のようにならないよう充分注意しましょう。早期発見、早期治療がポイント。
2,坤為地,2,1,吉,「正直で品行方正で大きな徳の持ち主、これ以上教わるまでもない」。今後も坤為地の精神でまっすぐ素直に進みましょう。◎良い時です。
2,坤為地,3,0,平,「章」とは知識、才能のこと。「王事」とは王命による日常の仕事のこと。「才能をひけらかさず貞正にしておくことだ。日常の仕事を真面目にやっていれば、目立つようなものでなくても終わりを全うすることができる」。いくら才能があっても、発揮するタイミングというものがあります。会社ではルーチンワークに徹する時ですが、くさらず本分を全うすること。
2,坤為地,4,0,平,「嚢」とは袋のこと。「袋の口をくくるように、発言に注意し、散財を控え、平々凡々と過ごすことだ」。慎みと用心が必要な時です。出るクイは打たれます。
2,坤為地,5,2,大吉,「黄」とは天子の色、「裳」とは現在のスカートに当たり、従うということ。「坤為地の謙虚な姿で従い進めば大いに吉」。坤為地の精神を見事に実践している姿は、まるで温厚な天子のように光り輝いています。◎大変良い時です。
2,坤為地,6,0,平,「玄」とは天の色、「黄」とは地の色。「龍が野で戦いを挑んで血まみれになっている」。坤為地の精神を忘れ、上へ上へと突き進み、戦い傷ついた姿です。◎あなたの考え方、進み方に問題点があります。よく反省して、改めましょう。
3,水雷屯,1,0,平,「磐桓」とは大きな石のこと。「大きな石のようにどっしりと動かずに貞正を守るのが良い。諸侯（地方の責任者）ぐらいが良い」。会社で言えば、地方で頑張る時でしょう。才能があっても今は中央を目指さず、現状で努力することです。
3,水雷屯,2,0,平,「屯如」「如」「斑如」は、行ったり来たり、うろうろすること。「寇」は敵、賊のこと。「字」は結婚すること。「馬に乗ってうろうろと近寄ってくる男がいる。敵ではなく求婚しにきたのだ。しかし、女子は貞操固く結婚しない。十年後に結婚する」。不遇の時が長く続きます。今は、何事も動き回らず、力をつけることです。苦しくとも安易な方向を選ばないこと。
3,水雷屯,3,0,平,「虞」とは案内人のこと。「鹿狩に行ったが、案内人がいない。林の中に迷い込んだ。君子たるもの、こんなことはやめたほうが良い。これ以上進んだら恥をかくことになる」。何事も深追いしないが一番の時です。◎あなたの考え方、進み方に問題点があります。よく反省し、改めましょう。
3,水雷屯,4,0,平,「班如」とは、うろうろすること。「馬の乗ってうろうろしていたら、求婚してくる者がいる。これは進めて良い。よろしい」。協力が大切な時、人に求められて行なうことぐらいは良いでしょう。
3,水雷屯,5,-1,凶,「軟膏を塗ったところ、全体にきれいに塗れず、一ヶ所に固まってしまった。小さい事は吉であるが、大きな事は凶」。何事も思うように進まない時です。今は大きな事に手を出さないこと。
3,水雷屯,6,0,平,「漣如」はひっきりなしに泣くこと。「水雷屯の動いていけない時に馬に乗ってうろうろしていたからバチが当たったのだ。血の涙をながして泣き叫んでいる。」孤立無援の状態です。しかし、悲しみのどん底の今を耐え抜けば道が開けてきます。あと少しの辛抱。◎あなたの考え方、進み方に大きな欠陥があります。よく反省し、方針の転換をしましょう。
4,山水蒙,1,0,平,「刑」は刑罰、「桎梏」は手かせ足かせのこと。「無智蒙昧の者がいる。刑罰を用いるぐらいに厳しい態度が良い。わかれば手かせ足かせを外してやる。いきすぎた仕打ちは良くない」。物事の始めに当たっては厳しい態度で臨むべきですが、限度は知っておくことです。
4,山水蒙,2,1,吉,「包」は包容すること。「道理のわからない者を包容し、妻を迎えて吉。子がよく家を治める」。良き指導者の態度です。縁談のある人は乗ってみるべし。◎山水蒙の中では良い時です。
4,山水蒙,3,0,平,「その女を妻に迎えてはならない。金持ちの男とみれば近づいて、身持ちが悪い。良いことはない」。文字通り、縁談は避ける時です。金持ちの男を目当てとするような打算的な行動では、良い事はないでしょう。金銭のトラブルに巻き込まれないよう心することです。◎あなたの考え方、進み方に問題点があります。よく反省し、改めましょう。
4,山水蒙,4,0,平,「無知蒙昧の愚かしさに苦しんでもどうしようもない」。あなたが孤立無援なのは、人の忠告もろくに聞かないからです。人からわからず屋といわれないよう頑固な考え方を改め、教養を高めることです。◎あなたの考え方、進み方に問題点があります。よく反省し、改めましょう。
4,山水蒙,5,1,吉,「学ばんとする童子のように素直で謙虚である。吉」。何事も学び取ろうとする素直な態度があなたをぐんと成長させます。先輩の意見を素直な態度で乞うこと。◎山水蒙の中では良い時です。
4,山水蒙,6,0,平,「寇」は敵、賊のこと。「思い上がった無知の者を厳しく指導する。この者が他人に対して迷惑とならないように、また、この者が他人の憎しみを買わないようにするのが良い」。敵をつくらぬよう、言動に注意する時です。今は守りの姿勢で過ごすこと。
5,水天需,1,0,平,「郊」は郊外、田舎のこと。「郊外で待つ。変化を求めず、日常のことを続けておく。問題はない」。今までのやり方を守って、心を動かさない時です。今は中心から遠く離れて待つことです。
5,水天需,2,1,吉,「沙」は砂地のこと。.「水辺の砂地で待つ。少々ゴタゴタがあっても、最終的には吉」。何かトラブルが起こっても、時間が解決してくれます。口論は避け動揺しないことです。
5,水天需,3,0,平,「寇」は敵、賊のこと。「水際の泥地で泥にまみれて待つ。敵が攻めてくる」.。動けばやられる、油断大敵の時です。じたばたせず、息を殺して待つことです。◎あなたの考え方、進み方に問題があります。よく反省し、改めましょう。
5,水天需,4,0,平,｢血の中で待つ。やがて穴の中から脱出できる」。困難の真っただ中、力強い援助がある時です。脱出の時までじっと待ちましょう。
5,水天需,5,2,大吉,｢飲食をしながら待つ。貞正にして吉」。間もなく、待望の渡し舟が到着します。待った甲斐があったというもの。英気を養って、心安らかに悠々と待つことです。◎大変良い時です。
5,水天需,6,1,吉,｢速」は待つ。したがって｢不速」は待たない、すなわち思いがけないの意味。｢穴にはまり込んでしまった。思いがけない客が三人やって来る。丁重にもてなせば最終的には吉」。窮地に陥る時ですが、思わぬ人から思わぬ援助が得られます。受身に徹すること。
6,天水訟,1,1,吉,「訴え争いを長引かせずに切り上げる。少々ゴタゴタがあっても最終的には吉」。先を見越して、争いを早めに避けるほうが利口です。小さな事にはこだわらないこと。
6,天水訟,2,0,平,「逋」は逃げてコソコソ隠れること。「邑人」は村人のこと。「訴えに勝てない。逃れて帰る。関係する三百人の村人たちにも災いが及ばずに済んだ」。勝ち目もないのに勢いに任せて不満をぶつけないことです。ひとまず退却すること。
6,天水訟,3,1,吉,「旧徳」は旧禄のこと。「王事」は王命による日常の仕事のこと。「主人の所へ帰って、今までどおり養われる。貞正していても危ういが、最終的には吉。日常の仕事をしていれば、たとえ功績がなくても良い」。今まで行なってきた事が平凡でも一番良い時です。移り気は良くありません。
6,天水訟,4,1,吉,「渝」は変わること。「訴えに勝てない。帰って主人の命令に従う。心を入れ替えて貞正に安んずれば吉」。自分の原点、自分の本来の仕事に立ち返るべき時です。目上の人に従いましょう。
6,天水訟,5,2,大吉,「訴えて勝ち、大いに吉」。実力も備わり、正義のために堂々と戦って勝利を収める時です。この機会に決着をつけること。◎天水訟の中では良い時です。
6,天水訟,6,0,平,「〓帯」は礼服。「終朝」は午前中のこと。「王より礼服を授けられたが、朝のまつりごとが終わるまで三度もこれを取り上げられてしまった」。労して功無しの時です。天意に逆らって策略を駆使し、一時的に訴えに勝った姿です。しかし、結局信用も人望も失い、空しさだけが残ることでしょう。◎あなたの考え方、進み方に問題点があります。よく反省し、改めましょう。
7,地水師,1,-1,凶,「戦争の時は規律が第一である。規律が守られなければ凶」。あなたの生活態度、勤務態度が緩んでいるのではありませんか。出足が肝腎。まず、規律を正すことです。
7,地水師,2,1,吉,「有能な指令官が中心にいる。問題はない。王から三度も命令が下る」。この卦で唯一の陽で、有能な司令官であることを示します。信頼と引き立てをバックに、大いに能力を発揮できる時です。◎良い時です。
7,地水師,3,-1,凶,「尸」は屍のこと。「戦争をして屍を車に載せて帰る。凶」。認識が甘く､実力も不足しているので、負け戦は見に見えています。病気や大ケガにも用心しましょう。◎あなたの考え方、進み方に問題点があります。よく反省し、改めましょう。
7,地水師,4,0,平,「左次」とは退くこと。「前線から退く。問題はない」。退却も立派な戦の道です。今は一歩退いて静観すること。
7,地水師,5,-1,凶,「禽」は賊。「長子」は能力のある人。「弟子」は能力のない小人のこと。「田を荒す賊がやって来た。命令を発したほうが良い。問題はない。優れた人物はよく軍を率いる。小人に任せるなら、屍を担って敗走することになるので、貞正であっても凶」。妨害の多い時です。作戦としては優秀な参謀を選んで一任することです。
7,地水師,6,1,吉,「大君は、戦争に勝って功労者を諸候に任じる。国を開いて家を興させる。小人は登用してはならない」。戦い済んで、論功行賞の時です。功労があっても、責任ある立場につかせる人物は、良く選ぶことです。小人は小人にすぎません。◎良い時です。
8,水地比,1,1,吉,「缶」は酒を入れる土器のこと。「他」は思いがけないの意味。「誠をもって親しく交わる。問題はない。その誠が素朴な土器に満ちるように豊かであれば、ついには思わぬ喜びもえられる」。あなたの飾らぬ真心、努力が人を動かし、予想外の喜びが訪れる時です。◎良い時です。
8,水地比,2,1,吉,「心の中から親しくする。貞正にして吉」。あなたの方から誠意を尽くして親交を求めるなら、良い援助の得られる時です。◎良い時です。
8,水地比,3,0,平,「普通の人とは思えぬような得体の知れない者ばかりと親しくする」。とても正常な状態の時とはいえません。あなたの親しくしている人、あなたがやろうとしている事など、思い当たることはありませんか？◎あなたの考え方、進み方に問題点があります。よく反省し、改めましょう。
8,水地比,4,1,吉,「外部の者とも親しくする。貞正にして吉」。たとえば、職種に関わらず交際することは自らの教養を高め、視野を広めてくれることでしょう。目上の助力を求めることです。◎良い時です。
8,水地比,5,1,吉,「禽」は獲物、「驅」は馬を走らす意味。「邑人」は村人、「誡」は警戒し疑うこと。「水地比の道を明らかにする。王が狩の時に三方から獲物を追い詰め、前方より逃げる獲物は逃がす。去るものは追わずの姿勢であれば、村人は警戒心を起こさない。吉」。完璧さをしつこく追い求めず、寛大な気持ちで接することが大切です。腹八分目を心がけましょう。◎良い時です。
8,水地比,6,-1,凶,「首」は主のこと。「親しくしようにも主たる相手がいない。凶」。仲良くすべき時に、天の意思に背き、とうとう人から見放されたような時です。あなた自身も、“クビ”の憂き目に遭うかもしれません。◎あなたの考え方、進み方に問題点があります。よく反省し、改めましょう。
9,風天小畜,1,1,吉,「途中で引き返す。何の問題があろうか。吉」。手を出しかけてハッと我に返る。風天小畜の時に適った正しい選択です。平常心を取り戻して、現状維持といったところ。
9,風天小畜,2,1,吉,「友人に引かれて帰る。吉」。持つべきものは良き友人です。人の意見に素直に従いましょう。◎良い時です。
9,風天小畜,3,0,平,「輿」は車、「輹」は車軸のこと。「車の車軸が外れて車が壊れてしまい進めない。夫婦でケンカするようなものだ」。内部分裂がもとで、大切なことが台無しになる時です。夫唱婦随の精神を見習って、強引さ性急さを控えること。◎あなたの考え方、進み方に問題点があります。よく反省し、改めましょう。
9,風天小畜,4,0,平,「出」は危険が去る意味。「誠がある。血や膿が出てしまって恐れも去った。問題はない」。誠意を尽くせば、難問が解決しうる時です。慌てないこと。
9,風天小畜,5,2,大吉,「攣如」は手を取り合うこと。「誠があって、手を取り合うようにしっかりと心を合わせて相親しむ。富も隣人と分け合う」。成功は皆で喜ぶもの、共存共栄の時です。◎大変良い時です。
9,風天小畜,6,-1,凶,「望」は満月のこと。「ついに雨が降って、その恵が行き渡るように、徳も、車に戴せるぐらいに盛大になった。このような時、本来，陰であるべき婦人が貞正にしていても危うい。月が満月に近づいて輝きを増し、一層歯止めが効かなくなった。こうした時には、君子であっても進むことは凶」。目的をすでに達成したのに、まだ不満足で進もうとしている時です。これ以上の欲は出さずに、有終の美を飾りましょう。
10,天沢履,1,0,平,「飾り気なく素直に進めば問題はない」。あるがまま、あなたらしさを大切にする時です。
10,天沢履,2,1,吉,「幽人」は山の中に隠れ住む人のこと。「坦々と道を行く。一人、心静かに世捨て人の如く、貞正にしていれば吉」。周囲の雑音に惑わされず、我が道を行く時です。本業を守り、表立った行動は差し控えましょう。引っ込むが正解。
10,天沢履,3,-1,凶,「眇」は片目が悪いこと。「跛」は片足が悪いこと。「目が悪いのに充分に見えるふりをし、足が悪いのに充分に歩けるふりをして進む。こういう具合なので虎の尾を履（ふ）んでしまい、ガブリと噛み付かれる。凶。並みの武人が総大将になったようなものだ」。実力もないのに、自信過剰で大言壮語しているような時です。この世の中、空いばりが通用するほど甘くはありません。ところで、この爻は天沢履の中でも、ズバリあなた（陰）が異性（陽）に囲まれていることを示しています。しかも、三爻は人体では股のところです。異性関係にはよくよく注意する必要があります。油断すると素っ裸にされる恐れがあります。◎あなたの考え方、進み方に問題点があります。よく反省し、改めましょう。
10,天沢履,4,1,吉,「愬愬」は恐れ慎むこと。「虎の尾を履んでしまった。怖れ慎んでいれば最終的には吉」。危険いっぱいの時ですが、気を抜かずに慎重な態度を貫けば大丈夫です。◎良い時です。
10,天沢履,5,0,平,「夬」は決断、決行のこと。「堂々と進むことを決断する。貞正にしていても危うい」。礼儀正しく進む時です。独断専行は危険です。
10,天沢履,6,2,大吉,これまで行ってきたことを振り返り、じっくり反省する。誤った道を進んできたのなら立ち帰って大いに吉」。過去の経験を生かし、将来の目標を定める平安な時です。他の人の意見や前人の行ないも参考にすること。◎大変良い時です。
11,地天泰,1,0,平,「茅」はイネ科の多年草。「茹」は草の根が連なること。「彙」は仲間のこと。「茅を抜くとその根が連なって抜けるように、仲間と協力して前進すれば吉」。チームワークをフルに活用することでうまく行く時です。◎良い時です。
11,地天泰,2,1,吉,「荒」は荒野。「馮河は徒歩で大河を渡ること.。「遐遺」は遠きを残す、すなわち遠くの人を忘れること。「朋亡」は私情にとらわれないこと。「中行」は正しい道。「荒野を開拓し、徒歩で大河を渡るような度量と勇気があり、遠くの人を忘れずに、私情にとらわれないで中道を得る」。思い切って実行に踏み切って良い時です。細心の注意と気配りに基づいた勇断であるべし。◎良い時です。
11,地天泰,3,0,平,「艱貞」は困難に耐えて貞正を守ること。「食」は欠け、衰えること。「平らなものは傾かないということはなく、往ったものは帰ってこないということはない。困難に耐えて貞正を守っていれば問題はない。心配しなくとも良い。誠があれば衰えの中にも幸いがある」。栄枯盛衰は世の習い、治に居て乱を忘れぬ態度で日々精進すれば、見ている人はちゃんといるものなのです。
11,地天泰,4,0,平,「翩々」はひらひらと飛ぶ様子。「戒」は警戒し疑うこと。「取りがアひらひらと飛ぶように、自分の富は心にもかけずに隣人と協力し合う。警戒することなく誠を持って対することだ」。自分は金持ちだなどと威張らずに、お隣りとも真心をもってよく付き合うときです。謙虚さが大切。
11,地天泰,5,2,大吉,｢帝乙」は殷の紂王の父。「帝乙が妹を優秀な臣下に嫁がせた。このようであれば幸いを得られ大いに吉」。いろいろな人と良い関係の作れる時です。部下にもすばらしい人材がいます。人の力を借りて目的が果たせる時、また果たすべき時。◎大変良い時です。
11,地天泰,6,0,平,「隍」水の渇れた濠。「師」は戦争。「邑」は村。「城壁が崩れ去って元の隍に復ってしまった。出兵してはならない。命令が村から出されるようでは貞正にしていても恥をかくことになる」。屋台骨が折れ、せっかく築き上げてきたものがガラガラと無残に崩れ去る時です。会社も家庭も統制がなくバラバラです。あなたが上司であるならば、部下に信頼されずに命令が無視されてしまうでしょう。◎あなたの考え方、進み方に大きな欠陥があります、よく反省し、方針の転換をしましょう。
12,天地否,1,1,吉,「茅」はイネ科の多年草。「茹」は草の根が連なること。「彙」は仲間のこと。「茅を抜くとその根が連なって抜けるように、仲間と協力することだ。貞正にして吉。通じる」。チームワークを大切にする時です。天地否の時、悪い仲間の誘惑もあるでしょう。そうした者たちとズルズルと行動をともにして一網打尽の憂き目に遭わないよう用心することです。
12,天地否,2,1,吉,"「包承」は他に包み込まれ従うこと。「得体の知れない者がはびこる時、このような者に素直に従って小人は吉かもしれない。だが,大人はキッパリと付き合いを断って,通じる」。能ある鷹は爪を隠すべき時です。自分の信ずる道を守りましょう。"
12,天地否,3,0,平,「恥ずかしいことを包み隠している」。内部に問題を抱えている時です。やましい秘密を隠し持っていたり、まだ、下心を持って人に接していたら、信用を失い孤立してしまいます。◎あなたの考え方、進み方に問題点があります。よく反省し、改めましょう。
12,天地否,4,1,吉,「疇」は同類のこと。「離」はつくこと。「天命に従っていけば問題はない。志をおなじくする者と協力することでお互いに幸せになる」。会社の中では上司の命令に良く従うべき時です。幸せを皆で分かち合うような広い気持ちで過ごすことです。◎天地否の中では良い時です。
12,天地否,5,0,平,「苞桑」は桑の木の根元のこと。「天地否の状態が止んだ.大人ならば吉である。しかし、亡びるかもしれない、亡びるかもしれないと桑の木の根元につなぎ止めるように慎重に行動することだ」。台風の目に入ったような時です。すなわち、ここにきて一息つけますが、ゆめゆめ油断することなく警戒を緩めないことです。
12,天地否,6,1,吉,「天地否の時が傾いた。初めは塞がっていても、後には喜ぶことになる｣。闇の中に光が差し始め、先が見えて来ました。苦しみ転じて喜びとなる時です。◎天地否の中では良い時です。
13,天火同人,1,0,平,「門を開けて広く世間の人と交わる。問題はない」。交際を積極的に広げる時です。心の門戸も開いて皆と仲良くしましょう。
13,天火同人,2,0,平,"「宗」は身内,親族のこと。「身内,親族ばかりと交際するようではよろしくない」。あなたは自分の殻に閉じこもっていませんか。人を色分けしていませんか？偏屈な態度を改め、視野を広く持ちましょう。"
13,天火同人,3,0,平,「戒」は兵、「莽」は草むらのこと。兵を草むらに伏せ、高い丘に登って偵察する。兵を挙げるのは三年間はとても無理だ｣。雌伏三年の気持ちで頑張る時です。上司に謀反など起こしても実りません。身の程知らずの野心は失敗の元です。◎あなたの考え方、進み方に問題点があります。よく反省し、改めましょう。
13,天火同人,4,1,吉,「垣」は城壁のこと。「城壁に登って中を視察した。とても攻め入ることが出来ない。悟って手を引けば吉」。今､あなたのやろうとしていることは、あなたの力量を超えています。すなわち、高望みというものです。深追いせず諦めるのが賢い時です。
13,天火同人,5,2,大吉,「号［口兆」」は泣き叫ぶこと。「大師」は大軍のこと。「天火同人の時、最初は泣いたりわめいたりすることがあるが、後には笑うことができる。つまり大軍を出して戦に勝ち、やっと仲間と会うことができるからだ」。滞っていた難問がやっと解決する時です。積極的に動きましょう。最後に笑うのはあなたです。◎大変良い時です。
13,天火同人,6,0,平,「郊」は郊外、田舎のこと。「同士が郊外に集まった。悔いはない」。会社勤めの人は、本社で出世しようなど考えず、地方の支店で満足すべき時です。無理は禁物、退く方が無難です。
14,火天大有,1,0,平,「有害なものとは交わらないので災いはない。君子、危うきに近寄らずぐらいの気持ちを持って進めば問題はない」。大いに所有する時のスタートをきりました。本分を守って土台をしっかり固めましょう。
14,火天大有,2,1,吉,「大きな車に沢山荷を積んでも問題はない」。ロールスロイスに金銀を載せて進んでも問題なし。あなた自身が大きな車のように安定した力を持っています。大いに実力を発揮しましょう。◎良い時です。
14,火天大有,3,0,平,「諸公が天子に富を捧げるが、小人はよく捧げず、奉公の道を尽くさない」。太っ腹のあなたなら上司の引き立てを得られる時です。ケチな根性では駄目です。
14,火天大有,4,0,平,「彭」は強く盛んなこと。「勇み足や驕りたかぶることをしなければ問題ない」。いまや上司を凌ぐような勢いがあります。謙虚に従っていれば安全です。
14,火天大有,5,1,吉,「交如」は誠の心で接すること。「威如」は威厳があること。「誠があり、堂々と威厳がある。吉」。親しみやすさと威厳が調和している人には誰もが信頼と尊敬の念を抱くことでしょう。◎良い時です。
14,火天大有,6,2,大吉,「天の助けがある。吉でよろしい」。大いに所有し、極めて順調です。天の意思に対しても感謝の気持ちを忘れずに。◎大変良い時です。
15,地山謙,1,0,平,「謙虚に謙虚に努めるならば、大川を渡っても吉」。縁の下の力持ちに徹する時です。このことが、大きな仕事への原動力となるのです。◎良い時です。
15,地山謙,2,1,吉,「謙虚さが鳴り響いている。貞正にして吉」。あなたの謙虚さが自然に態度に出ています。先輩や上司が目をかけ、引き立ててくれるでしょう。◎良い時です。
15,地山謙,3,1,吉,「功労があり、しかも謙虚であれば終わりを全うすることができる。吉」。苦労はあっても必ず報われますから、やり通すことです。ところで、この
15,地山謙,4,0,平,「よろしい。謙虚さを顔に出すことだ」。謙虚の美徳を大いに発揮する時です。有力者の顔を立てて、助言を求めていけば良いでしょう。
15,地山謙,5,0,平,「侵伐」は征伐すること。「富を一人占めにせず、お隣りと仲良くする。いうことを聞かない者は攻め滅ぼしても良い。よろしい」。あなたは謙虚で立派な社長です。しかし､地位を守るためには、時には断固とした処置も必要でしょう。今がその時なのです。
15,地山謙,6,0,平,「師」は戦争。「邑国」は自分の国の領地のこと。「謙虚さが鳴り響いている。自国の領地内の戦争ぐらいはしても良い」。内部に対立や妨害があり、強攻策を取らざるを得ない時です。内部にしっかり目を向けましょう。
16,雷地予,1,-1,凶,「喜びを外に鳴り響かせるようでは凶」。実力がないのに慢心したり、遊び呆けるようではいけません。他人を当てにしないこと。◎あなたの考え方、進み方に問題点があります。よく反省し、改めましょう。
16,雷地予,2,1,吉,「石にかじりついてでも一日中頑張る。貞正にして吉」。蒋介石総統の名前はこの
16,雷地予,3,0,平,「」は上を見上げること。「上ばかり見てへつらい喜ぶ。早く気づかないと後悔することになる」。高望みばかりしているのではありませんか。身の程を知り、分相応を心がけることです。
16,雷地予,4,2,大吉,「寄り集まって喜ぶ。大いに得ることがある。疑わなくとも良い。同志があつまってくる」。あなたを中心にして和気あいあいと喜び集まる時です。信頼が厚くいい協力者が得られるでしょう。◎大変良い時です。
16,雷地予,5,0,平,「貞疾」は持病のこと。「持病のある人は、どれだけ体を労わるのでかえって長生きする」。一病息災、すなわち、うまく行かないことがかえってプラスに働く時です。いずれにしても、雷地予の時、喜ぶばかりでなく、持病の人が用心するように用心に用心を重ねよということです。
16,雷地予,6,0,平,「冥予」は快楽に溺れること。「渝」は変わること。「快楽に溺れて冥土行きになりそうだ。心を入れ替えれば問題はない」。手遅れにならないように一刻も早く目を覚ますことです。◎あなたの考え方、進み方に問題点があります。よく反省し、改めましょう。
17,沢雷随,1,1,吉,「官」は勤め先。「渝」は変わること。「勤め先が変わることがある。貞正にして吉。門を出て広く交際していけば良いことがある」。自分の殻に閉じこもらないで時の流れに順応してよい時です。転職のチャンス。◎良い時です。
17,沢雷随,2,0,平,「小子」はつまらない人物。「丈夫」は立派な人物。「つまらない人間に関わっていると、立派な人に見放されてしまう」。小利にこだわって大利を失う時です。何があなたにとって本当に大切であるのかを見極めることです。◎あなたの考え方、進み方に問題点があります。よく反省し、改めましょう。
17,沢雷随,3,0,平,「丈夫」は立派な人物。「小子」はつまらない人物。「立派な人物に関わっていると、つまらない人たちが寄りつかなくなる。立派な人に従っていれば、求めるものが得られる。貞正を守るのが良い」。まさに「寄らば大樹の陰」で、賢人や目上の人に従って意見を求める時です。先々のことを考えて､冷静に行動することが大切です。
17,沢雷随,4,-1,凶,「従って獲物を得る。その行為は貞正であっても凶。だが、誠をもって道を守り賢明であれば何の問題があろうか」。得意先からワイロやリベートをもらうようでは駄目。何かと疑われやすい時なので、気持ちを引き締めて謙虚に社長に従いましょう。
17,沢雷随,5,2,大吉,「誠をもって善に従う。吉」。上からも下からも絶大な信頼を置かれています。人間関係のすばらしさがすべてにプラスに作用する時です。◎大変良い時です。
17,沢雷随,6,0,平,「拘係」はつなぎ留めること。「西山」は周の岐山のこと。「亨」は祭祀を行うこと。「人心をつなぎ留める。すなわち、民が縄をつけて引っ張られるように従ってくる。王は西山で祭祀を行う」。団結力が強いのはよいのですが､ちょっと窮屈さを感じる時です。ご先祖を祭りましょう。
18,山風蠱,1,1,吉,「幹」は治める、「考」は亡き父のこと。「父の失敗の後始末をする。子がいれば亡き父も問題はない。危ういところがあるが最終的には吉」。今なら手の施しようがあります。傷が浅いからといっても油断は禁物です。
18,山風蠱,2,0,平,「幹」は治めること。「父亡き後、母の失敗の後始末をする。あまり厳しい荒治療はするべきではない」。融通性をもって穏やかに後始末をするべき時です。正論に走るとマイナスになります。
18,山風蠱,3,0,平,「幹」は治めること。「父の失敗の後始末をする。小さな悔いはあるが、大きな問題はない」。腐敗が大きく､危険性もあるときですが､最後まで辛抱してやり遂げることです。
18,山風蠱,4,0,平,「父の失敗をかえって大きくしてしまう。このまま進めば、恥の上塗りになる」。大胆さが求められる山風蠱の時、あなたの優柔不断な態度と中途半端なやり方が問題なのです。◎あなたの考え方、進み方に問題点があります。よく反省し、改めましょう。
18,山風蠱,5,1,吉,「幹」は治めること。「父の失敗の後始末をする。人に誉められる」。破産会社に乗り込んで再建に成功するような時です。すっきりした気分で再出発に臨むこと。◎山風蠱の中では良い時です。
18,山風蠱,6,0,平,"「宮仕えに見切りをつけ,自分ひとり高潔を守る」。高みの見物､世俗から身を引く時です。引退の好機かもしれません。"
19,地沢臨,1,1,吉,「互いに感じて臨む。貞正にして吉」。心を一つにして協力して進む時です。感動する心が大切なのです。◎良い時です。
19,地沢臨,2,1,吉,「互いに感じて臨む。吉でよろしい」。信頼が厚く、すべて順調に進みます。意気に感じて進んでよい時です。◎良い時です。
19,地沢臨,3,-1,凶,「甘く臨んで、良いことはない。すでにこのことに気がついておれば問題はない」。あなたは口先だけで人に臨もうとしています。甘い､甘い。不実は失敗の元です。◎あなたの考え方、進み方に問題点があります。よく反省し、改めましょう。
19,地沢臨,4,2,大吉,「至誠をもって臨む。問題はない」。あなたの真心あふれる態度が幸せを招きます。部下などの有能な協力者に一任する時。◎大変良い時です。
19,地沢臨,5,2,大吉,「相手を知って臨む。王としてふさわしい。吉」。知恵多きあなたは、やはり知恵ある人を選び、うまく用いることで成功するでしょう。◎大変良い時です。
19,地沢臨,6,2,大吉,「篤実の心で臨む。吉で問題はない」。人情たっぷり、誠の心で進みましょう。◎大変良い時です。
20,風地観,1,0,平,「知恵不足の子どもが見るようなものだ。小人はそれでも問題はないが、君子がそのようであれば恥ずべきことだ」。目先のことしか眼中になくて、本質をまったく見抜けていない時です。子供には保護者が必要なもの、他の人の意見を良く聞くことが肝要です。
20,風地観,2,0,平,「〓」は覗き見ること。「覗き見する。女子どものおしゃべり程度。貞正であれば良い」。視野が狭く、小さなことは良くとも、大きな事を行うのは到底無理な時です。大局的に物事を捉えることを心がけること。
20,風地観,3,0,平,「自分の行き様ざまを見て進退を決定する」。自分のことを振り返って､分相応に努めましょう。一歩一歩着実に進むこと。
20,風地観,4,1,吉,"「国,社会の動きを見る.王に引きたてられてアドバイザーになる」。観光という言葉はここからきたものです。見識の広さを見込まれて､上司の引き立てを受けたりする時です。充分に観察して、充分に考えて行動することです。◎良い時です。"
20,風地観,5,1,吉,「自分の生きざまをよく反省する。君子がこのようであれば問題ない」。責任ある立場に立たされて、気の抜けない時です。また、自分を省みるだけでなく、「人の振り見て我が振り直す」べき時でもあります。あなたが上司なら、部下を見て、日ごろの自分の行いを反省すべきです。◎良い時です。
20,風地観,6,1,吉,「広く社会全体を見る。君子がこのようであれば問題ない」。超然と構えて、些細なことには関わらないことです。◎良い時です。
21,火雷噬嗑,1,0,平,「校」は足かせのこと。「足かせをはかせて足を傷つけ、歩けないようにする程度で問題はない」。相手は小物ですから、少し懲らしめてやれば効果てきめんの時です。しかし､あなたが今やろうとしていることは踏みとどまるべきでしょう。
21,火雷噬嗑,2,0,平,「肌に噬かみつき、鼻を傷つける程度で問題はない」。相手はかなり手強いので「柔よく剛を制す」、つまり、ソフトムードで粘る時です。
21,火雷噬嗑,3,0,平,「せき肉」は小鳥を丸ごと干したもの。「干肉を噬（か）んで毒に当たる。少し腐っていたが問題はない」。敵はどうも腹に一物ありそうです。また､今あなたがなそうとしていることは意外と難しく、力量不足の感があります。再考しましょう。
21,火雷噬嗑,4,1,吉,「乾〓」は骨つきの肉のこと。「艱貞」は困難に耐えて貞正を守ること。「骨つきの肉を噬んだら金の矢じりが出てきた。苦しみに耐え貞正であれば良い。吉」。苦労のし甲斐があって、なかなかの成果が得られます。がんばり時です。◎良い時です。
21,火雷噬嗑,5,1,吉,「干肉を噬（か）んだら黄金が出てきた。貞正にしていても歯が欠けるような危険を伴う。だが、問題はない」。多少の危険も何のその、やり抜くことで予期せぬ利益が得られる時です。◎良い時です。
21,火雷噬嗑,6,-1,凶,「校」は首かせのこと。「首かせをはめられて耳を傷つける。凶」。突然、クビを言い渡されるなど、つんぼ桟敷におかれるような目に遭う時です。すべて身から出たサビだといえましょう。◎あなたの考え方、進み方に問題点があります。よく反省し、改めましょう。
22,山火賁,1,0,平,「足を飾る程度。格好の良い車などに乗らず歩いていく」。確実に､本来持っているものを生かして進みましょう。会社では業者からの接待、ワイロなどの誘惑に乗らないことです。
22,山火賁,2,0,平,「須」はひげのこと。「自然にはえてくるあごひげを飾る程度なら良い」。口があってのあごひげ、ただ従うだけの時です。才能がないのだから仕方ないかも。あるいは、体裁だけで中身のない時です。交渉などには要注意。
22,山火賁,3,1,吉,「賁如」はかざりたてること。「濡如」はみずみずしいこと。「美しくみずみずしく飾りたてた姿。このままいつまでも貞正にしていれば吉」。きらびやかな美しさ、それはそれで見事だから良いのです。
22,山火賁,4,1,吉,「賁如」は飾りたてること。「白番」は白髪。「翰」は白い馬。「寇」は敵、賊のこと「白い虚飾のない馬がやって来る。敵ではなく求婚しに来たのだ」。飾り気のない人の援助を得られる時です。飾らない態度、控えめな態度で臨むべきです。◎良い時です。
22,山火賁,5,1,吉,「束帛戔戔」とは少なくて貧しいこと。「丘や畑を質素に飾る程度。」一時非難されるが、ケチケチぐらいのほうが最終的には吉」。何事も質素倹約を心がける時、その努力が後で好結果を生むでしょう。◎良い時です。
22,山火賁,6,0,平,「白く飾る。問題はない」。白色は美しい。最高の美しさを求めていけば、結局､行き着くところは質素で飾らない自然のままの姿になるでしょう。飾り気を捨て、内面を充実する時、精神的な喜びがあります。
23,山地剥,1,-1,凶,「牀」はベッド。「蔑」は滅ぼすこと。「ベッドの脚が崩れる。貞正を失えば凶」。足元の揺らぎ始めている時です。部下の造反などに目を光らせるべきです。◎あなたの考え方、進み方に問題点があります。よく反省し、改めましょう。
23,山地剥,2,-1,凶,「牀」はベッド。「弁」はベッドの脚の付け根のこと。「蔑」は滅ぼすこと。「ベッドの脚の付け根が崩れる。貞正を失えば凶」。
23,山地剥,3,0,平,「ベッド本体が崩れるが問題はない」。たとえ仲間はずれになってでも正道を守るべき時です。つまらない連中とはキッパリ手を切りましょう。◎あなたの考え方、進み方に問題点があります。よく反省し、改めましょう。
23,山地剥,4,-1,凶,「牀」はベッド。「膚」は人の皮膚、すなわち人のこと。「ベッドが崩れて人の上にまで危険が及ぶ。凶」。あなたの身にこの上なく危険が迫っている時です。身一つで至急逃げるしかないでしょう。◎あなたの考え方、進み方に問題点があります。よく反省し、改めましょう。
23,山地剥,5,0,平,「魚」は衆陰（初爻から５爻まで）を指す。「魚の目指しの如く女官を従えて、君の寵愛をうけるようであれば、よろしい」。災いの渦中の一服か､あなたの従順さが愛され､上司の引き立てを受ける時です。妥協策を講じて無難な時。
23,山地剥,6,0,平,「碩果」は大きな果実。「輿」は車。「廬」はすみかのこと。「たった一つ残った大きな果実を誰も食べることはできない。君子は馬に乗り、小人は住む所すらない」。災難の時が崩れ去って、新しい状態に移り変わろうとしている時です。時の審判を仰ぎましょう。実力のある人ならば､やっと日の目を見る時が来ました。今は無理をせず、再起に備えることです。
24,地雷復,1,2,大吉,「正しい道にから外れても、遠からぬうちに帰るので後悔することはない。大いに吉」。今は実力を蓄えて帰る準備をする段階です。あなた自身のことを振り返って欠点や過ちを正すことです。◎良い時です。
24,地雷復,2,1,吉,「よく正しい道に帰るので吉」。もう一度チャレンジする時です。身近な良い人達と仲良く帰ることです。◎良い時です。
24,地雷復,3,0,平,「しきりに帰る。危なっかしいが問題はない」。迷いに迷い、意志が弱く､気持ちが動揺しては失敗を繰り返しやすい時です。じっくりと先を見通して動くこと。
24,地雷復,4,0,平,「中行」は行い当たる。すなわち正しい道、中道のこと。「正しい道に一人で帰る」。悪い仲間と手を切って、独立独歩でわが道に立ち帰る時です。
24,地雷復,5,1,吉,「篤実なる心をもって帰る。悔いはない」。人に頼らず、自分の誠をもって対処していく時です。真面目さがあなたの取り柄なのです。◎良い時です。
24,地雷復,6,-1,凶,「災[生/目]」は天災と人災。「師」は戦争のこと。「帰る道を迷い失う。凶。天災と人災に遭う。こうし者が戦争を行なえば大敗する。国君の力を借りても凶。十年たっても敵を征伐することはできない」。正しい道に立ち帰るべき地雷復の時に、天道に背き、自分の過ちを改めることをまったくしなかったことへの当然の報いを受ける時です。大きな事を行なえば､十年間はダメージが続くものと覚悟することです。◎あなたの考え方、進み方に問題点があります。よく反省し、改めましょう。
25,天雷无妄,1,1,吉,｢天に従い、小細工をしないで無心に進むなら吉」。あるがままの姿でいきましょう。
25,天雷无妄,2,0,平,｢〓」は新しい田。｢余/田］」は二年目の田。「田畑の手入れを何もしないで、放ったらかしにしておいて自然にできた物だけを収穫し、土地の手入れをすることなく田畑をつくるようであれば、進んで良い」。報酬や利益を一切求めずに、成り行きに任せればうまくいく時です。
25,天雷无妄,3,0,平,「行人」は通りすがりの旅人。「邑人」は村人。「天雷无妄の時の災いとは、ある人が牛をつないでいたら、通りがかりの者が盗んで連れていったようなものだ。村人が疑われて大迷惑｣。とんでもない災難に巻き込まれやすい時です。義理があっても、何事にも関係しないのが一番の得策です。◎あなたの考え方、進み方に問題点があります。よく反省し、改めましょう。
25,天雷无妄,4,0,平,「貞正にしていれば問題はない」。現状維持に徹する時です。
25,天雷无妄,5,0,平,「天雷无妄の時の病気は、薬を用いなくても治せて、喜びを得られる.」。人為的な特別な手段を用いなくても、放っておけば、自然に問題が解決する時です。慌てない､慌てない。◎天雷无妄の中では良い時です。
25,天雷无妄,6,-1,凶,「天雷无妄の時、これ以上望みを起こして進めば、ひどい目に遭う。良いことはない」。思い違いもはなはだしい時です。災いを避けたいのなら、むやみに動かず、人の意見に素直に従うことです。◎あなたの考え方、進み方に問題点があります。よく反省し、改めましょう。
26,山天大畜,1,0,平,「已」は止まること。「まだ危なっかしいところがあるので、天下に打って出てはならない」。機が熟していないので､まず内面の充実を図ることです。
26,山天大畜,2,0,平,「輿」は車。「輹」は車軸のこと。「車の車軸を外して車を止める」。実力が蓄えられてきても､今は踏み止まって現状を維持することです。
26,山天大畜,3,1,吉,艱貞」は困難に耐えて貞正を守ること。「輿衛」は天子の車を守護する武術のこと。「馬に乗って懸命に走る。困難に耐えて貞正を守るが良い。毎日武術の練習をする。進んで良い」。あなたの実力にさらに磨きをかける努力をすることで､上の人にも大いに認められる時です。今の頑張りが後に実となり､花となるのです。◎良い時です。
26,山天大畜,4,2,大吉,［牛告］は角木のこと。「子牛のツノに角木を縛りつけ、突き当たる危険を予防する。大いに吉」。多少の束縛はあっても、とんとん拍子に事の運ぶ時です。ただし、事の始めには注意を払うこと。◎大変良い時です。
26,山天大畜,5,2,大吉,「［豕賁］豕」は去勢したいのししのこと。「去勢したいのししは、牙が残っていてもおとなしくて危害を加えることはない。吉」。多少の束縛はありますが、かなり実力のある人でも無理なく従わせうる時です。◎大変良い時です。
26,山天大畜,6,2,大吉,「衢」は四方八方へ通じる要路のこと。「天の要路を四方八方へかけめぐる。通じる」。今や、じっくり蓄積してきたものを思う存分発揮でき、長い間希望してきたことが叶う時です。大川を渡ろうとするあなたを妨げるものは何もありません。◎大変良い時です。
27,山雷頤,1,-1,凶,「靈龜」は万年を経た亀のこと。「朶頤」は下あごを垂らす。すなわちもの欲しげにすること。「我」は上爻のこと。「万年を経た亀のように尊い自分の心を捨て、他のものを見上げて、もの欲しげにするのは凶」。隣の花は美しく見える時。上ばかりを見て、他人ばかりうらやむことはきっぱりやめることです。◎あなたの考え方、進み方に問題点があります。よく反省し、改めましょう。
27,山雷頤,2,-1,凶,「顛」はさかさま。「経」は常。「拂」は背く。「丘」は上爻の陽のこと。「さかさまに養われるのは常道に背く。上の人に養ってもらおうといけば凶」。人に期待したり、人に養われることを望むようでは駄目です。まず自立すること。◎あなたの考え方、進み方に問題点があります。よく反省し、改めましょう。
27,山雷頤,3,-1,凶,「拂」は背くこと。山雷頤の道に背く。貞正であっても凶。十年間、事を行ってはならない。良いことはない」。他人のスネをかじっているくせに、やたらと不満の多いあなた、考え方があべこべです。◎あなたの考え方、進み方に問題点があります。よく反省し、改めましょう。
27,山雷頤,4,1,吉,「顛」はさかさま。「眈々」は野心を持って狙うこと。「遂々」はたくましいこと。「さかさまに下の者に養われる。吉。虎が獲物に狙いをつけてじっと見張っているように、求める心がたくましければ問題はない」。今に見ておれと虎視眈々と構える時です。根気よく、油断することなく進めば、徐々に希望が通じます。◎良い時です。
27,山雷頤,5,1,吉,「経」は常。「拂」は背くこと。「常道に背く。貞正さを守れば吉。大川を渡ってはならない」。力のない時ですから、野心は起こさずに、上司などに従うことです。
27,山雷頤,6,2,大吉,「万民が頼ってきて、これを養う。責任が重く危ういけれども吉。大川を渡っても良い」。生活力が旺盛な時、いろいろな人から頼られ、世話や苦労も多いでしょうが、誠意をもって応えることです。重圧をはねのけて成功に至ることができます。◎大変良い時です。
28,沢風大過,1,0,平,「茅」はイネ科の多年草。「柔らかな白い茅を下に敷いて重荷を受け止める。問題ない」。柔よく剛を制する時です。受身に慎重に行動すれば意外とうまくいきます。
28,沢風大過,2,0,平,「枯楊」は枯れ木。［禾弟」は切り株に生える芽のこと。「枯れ木から芽が出た。老夫が若い女を嫁にもらう。よろしい」。もはや駄目だと思った時に復活の兆しが現れます。挽回のチャンスですから、多少の不釣合いなど何のその、頑張ることです。
28,沢風大過,3,-1,凶,「棟がたわんで家が傾く。凶」。荷が重過ぎて堪えられない、沢風大過そのものの時です。助けてくれる人もなく、救いようのない状況ですが、これも強引路線を突っ走ったあなたに原因があるのです。◎あなたの考え方、進み方に問題点があります。よく反省し、改めましょう。
28,沢風大過,4,1,吉,「它」は他に心を移すこと。「棟が堂々として吉。よそ見をふると良くない」。重荷に屈せず、バーベルをぐっと持ち上げたような時です。気力で持っている今は、人のおだてに乗らず一心に頑張ることです。我が道を進みましょう。◎沢風大過の中では良い時です。
28,沢風大過,5,0,平,「枯楊」は枯れ木。「士夫」は若い男のこと。「枯れ木に花が咲いた。老婦が若い男を婿にした。何ということはない」。華やかに見えても、一時の幸運です。もの笑いの種にならぬよう、行いに細心の注意を払って、色情などで身を落とさぬことです。
28,沢風大過,6,-1,凶,「頂」は頭のこと。「大川を渡ろうとして頭まで水につかって凶。だが、その根性自体に問題はない」。自分の実力をわきまえずに突進して、溺死寸前の窮地に追い込まれてしまう時です。進まず身を守ることです。◎あなたの考え方、進み方に問題点があります。よく反省し、改めましょう。
29,坎為水,1,-1,凶,「習坎」は非常に困難なこと。「坎〓」は穴のまた穴の中のこと。「非常に困難な時、深い穴の底に落ち込んだ。凶」。どうしていいかわからず暗中模索の時です。坎為水の中でも、まさにどん底の今、下手にもがかず静観するべし。◎あなたの考え方、進み方に問題点があります。よく反省し、改めましょう。
29,坎為水,2,0,平,穴の中に落ち込み危険である。努力すれば少しは得るところがある」。困難の中で、どうにか打開策の見出せる時です。努力すれば小さな願い事は叶うでしょう。ただし、現状維持が基本。◎坎為水の中では良い時です。
29,坎為水,3,0,平,「枕」は止まること。「坎〓」は穴のまた穴のこと。「進むも穴、退くも穴また穴で地獄である。危険極まりなく止まったが、深い穴の中に落ち込んだ。行動を起こしてはならない」。どう動いても危機が迫って、途方に暮れる時です。当分の間、甲羅に隠れる亀となるべし。◎あなたの考え方、進み方に大きな欠陥があります、よく反省し、方針の転換をしましょう。
29,坎為水,4,0,平,「〓」は竹の器。副え物。「缶」は素焼きの器。「約」は質素な物。「〓」は明かり窓のこと。「一杯の樽酒と竹の器に盛った副え物、素焼きの器を用いる。こうした質素なものを差し出す時に、正門からではなく明かり窓から入れる。最終的に問題はない」。質素に内輪に事を運び、誠意をもって行なうことです。虚礼は不可。
29,坎為水,5,0,平,「水があふれていたのが平らになる。問題はない」。困難が底をつき、前途に希望の光が見え始めた時です。今は土台を平らかに固めることに全力投球することです。
29,坎為水,6,-1,凶,「徽〓」は寄り合わせた頑丈な縄のこと。「叢棘」はいばらに囲まれた牢獄のこと。「頑丈な縄につながれ、いばらに囲まれた牢獄に閉じ込められる。三年たっても脱出できずに凶」。重刑に処せられるほど人の道に外れたことを続けてきたのではありませんか。いつまで続くかわからない困難の中で身動きの取れない時です。天罰と覚悟するべし。◎あなたの考え方、進み方に大きな欠陥があります、よく反省し、方針の転換をしましょう。
30,離為火,1,0,平,「錯然」はまぎらわしいこと。「足もとがごたごたしている。慎重に事を行えば問題はない」。見通しが悪く足元に注意する時です。とにかく最初が肝腎ですから、丁寧に丁寧に行うことです。
30,離為火,2,2,大吉,「黄」は中央の色。「離」は太陽のこと。「黄金の太陽が輝き、大いに吉」。まさに時を得てあなたの知性が冴えまくり、実力を発揮して波に乗り、財運にも恵まれる時です。ただし慎重さをお忘れなく。◎大変良い時です。
30,離為火,3,-1,凶,「缶」は徳利。「大耋」は八十歳の老人のこと。「日が傾くように人生にも夕暮れの時が訪れる。宴会では徳利を叩くだけで皆と一緒に歌おうとしない。老人が晩年を嘆く。凶」。見切りを付けるべき時です。自分だけのけ者にされないようにしましょう。◎あなたの考え方、進み方に問題点があります。よく反省し、改めましょう。
30,離為火,4,0,平,「突然にやって来る。焼かれ、殺され、捨てられる」。危険がいっぱいで、思わぬ災難を被る時です。守りに徹しましょう。火事、色難に要注意。◎あなたの考え方、進み方に大きな欠陥があります、よく反省し、方針の転換をしましょう。
30,離為火,5,1,吉,「沱若」は涙があふれ流れること。「嗟若」は悲しみ傷つくこと。「涙がとめどもなく流れ心が傷つき、憂い嘆く。今は危うい時であることを知り、身を慎めば吉」。苦労の多い時ですが、謙虚にふるまえば通じます。目上の人の助力を乞うこと。
30,離為火,6,1,吉,「醜」は衆、すなわち小人のこと。「王が出陣して征伐をする。敵の大将の首を取るが雑兵は逃してやる。問題はない」。社長自らが陣頭指揮をとる時です。強気で当たるべき時ですが、目的達成のあかつきには寛大な処置をお忘れなく。◎良い時です。
31,沢山咸,1,0,平,「拇」は足の親指のこと。「足の親指に感じる程度」。大して感じておらず、ちょっと気がある程度です。気持ちがくすぐられても、まだまだ動くときではありません。会社でのあなたのせっかくの提案もボツになるでしょう。
31,沢山咸,2,-1,凶,「腓」はふくらはぎのこと。「足の曲線美に感ずるようでは凶。動かずにいれば吉」。誘惑があっても心を動かさず、じっとしているのが一番の時です。
31,沢山咸,3,0,平,「股に感じ色欲に溺れている。感ずるままに従っていく。進んだら恥をかくことになる」。会社の得意先が色仕掛けで近寄ってくるかもしれませんが、後がこわい時です。甘い話に乗ることなく、自分をしっかり保ちましょう。
31,沢山咸,4,1,吉,「憧憧」とはそわそわと心が落ち着かないこと。「貞正にして吉。悔いはなくなる。だが、そわそわといったりきたりするようであれば、似たような仲間が集まってくる」。つまらぬことに心が動きやすい時です。自分を固くガードすることが大切です。
31,沢山咸,5,0,平,「〓」は背肉のところで、欲のないこと。「背中に感じる程度。悔いはない」。鈍感といわれようとも、無関心ゆえ無事を守っているといったところです。
31,沢山咸,6,0,平,「輔頬舌」は口のこと。「口に感じる」。すなわち口先だけのうまい話に注意するときです。あなた自身、言動に気を配ることです。心で感じなければ、そして心に誠がなければ駄目です。◎あなたの考え方、進み方に問題点があります。よく反省し、改めましょう。
32,雷風恒,1,-1,凶,「最初から深入りしようとする。貞正であっても凶。良いことはない」。最初から飛ばしすぎ、求めすぎで無理があるのではありませんか。自分の力量をわきまえることです。
32,雷風恒,2,0,平,「雷風恒の精神を守れば悔いはなくなる」。「継続は力なり」の時です。今までの方針どおりに根気よく進みましょう。
32,雷風恒,3,0,平,「徳に欠け、節度がない。恥をかくことになる。貞正にしていても非難される。」方針を変えてはならない雷風恒の時にふらふらと方針が定まらず、あれもこれもと気が多く、多情による過ちを起こしやすい時です。このままでは信用も名誉も失います。◎あなたの考え方、進み方に問題点があります。よく反省し、改めましょう。
32,雷風恒,4,0,平,「禽」は鳥、獲物のこと。「田んぼで狩をして獲物がなかった」。労して功なし、とんだ見込み違いで利益のあがらない時です。すべて断念して、早く手を引くこと。◎あなたの考え方、進み方に問題点があります。よく反省し、改めましょう。
32,雷風恒,5,-1,凶,「徳を維持し貞正を守る。婦人は吉でも男子には凶」。柔順を旨とすべき立場の人にはよくても、自発性、臨機応変を旨とすべき立場の人には良くありません。いつでも頑固で融通がきかないと、今のご時世、マイナスになります。
32,雷風恒,6,-1,凶,「雷風恒の道を守らず絶えず動揺している。凶」。不動心とはほど遠く、確固とした目的もないのに、目移りばかりしている時です。どんなに忙しく飛び回っても成果はなく、見当外れの努力にほかなりません。◎あなたの考え方、進み方に問題点があります。よく反省し、改めましょう。
33,天山遯,1,0,平,「逃げ送れてしまい、危うい。進んではならない」。ぐずぐずして尻尾をつかまれ、逃げるチャンスを逸した時です。こうなったら下手に動かず、止まってじっと時を待ち、身を守ることです。◎あなたの考え方、進み方に問題点があります。よく反省し、改めましょう。
33,天山遯,2,0,平,「黄牛の革で固く縛り付ける。これをとき解くことができない」。逃げそこなってしまった以上、しっかりした意志を持って、面の皮を厚くして居座ることです。自由があまりきかない今、死んだふりをしてチャンスをうかがうことも必要でしょう。◎あなたの考え方、進み方に問題点があります。よく反省し、改めましょう。
33,天山遯,3,1,吉,「逃げようとして後ろ髪引かれて止まる。病にかかったように不自由で危うい。臣や妾を養うくらいなら吉」。逃げるべき天山遁の時に、私情に縛られ、未練がましく右往左往している時です。思いきりが肝腎です。
33,天山遯,4,1,吉,「好きだけど逃げる。君子は吉。小人は欲のために逃げることができず良くない」。好きな人やものを振りきってでも身を引く時です。私利私欲に凝り固まっている小人には難しいことかもしれませんが・・・・・・。
33,天山遯,5,1,吉,「喜んで立派に逃げる。貞正にして吉」。引くのに何の支障もなく、花道を飾ることができます。◎良い時です。
33,天山遯,6,2,大吉,「豊かに逃げる。よろしい」。功成り名遂げて悠々と引退し、自由の境地を楽しめます。◎大変良い時です。
34,雷天大壮,1,-1,凶,「足を躍らせてしきりに進もうとする。進めば凶。誠の心をもつことだ」。実力もないのに気ばかり焦っています。ここはぐっと止まって、短気を慎むべきです。急進すれば、「飛んで火に入る夏の虫」になってしまいます。
34,雷天大壮,2,1,吉,「貞正にして吉」。野心など抱かず、誠実に現状を守れば良い時です。◎良い時です。
34,雷天大壮,3,0,平,「罔」は無。「羝羊」は牡羊。「藩」は垣根のこと。「小人は盛んに進むばかりで限度を知らないが、君子は度を越すことがない。貞正にしていても危うい。牡羊が突進して垣根に角をひっかけて苦しむような状態になる」。才人は才に溺れ、小人は血気にはやり、にっちもさっちもいかなくなってしまう時です。自ら墓穴を掘らぬよう、何事にも首を突っ込まないことです。◎あなたの考え方、進み方に問題点があります。よく反省し、改めましょう。
34,雷天大壮,4,2,大吉,「藩」は垣根。「大輿」は大車。「輹」は車軸のこと。「貞正にして吉。悔いはなくなる。垣根が開けて苦しまずに済む。大車の車軸が頑丈である」。障害が取り払われ、道が自然に開ける時ですから、初心を貫き通すべきです。仕事に打ち込みましょう。◎大変良い時です。
34,雷天大壮,5,0,平,「易」はここでは境界のこと。「羊を境界で見失う。悔いはない」。去る者は追わず、何事にも関わらないのが一番の時です。
34,雷天大壮,6,1,吉,「羝羊」は牡羊のこと。「藩」は垣根のこと。「牡羊が垣根に角をひっかけて退くことも進むこともできない。良い事はない。反省して身を慎めば吉」。スピードを落とすべき時に暴走して進退に窮する時です。分外のことに手を出さないこと。◎あなたの考え方、進み方に問題点があります、よく反省し、改めましょう。
35,火地晋,1,1,吉,「晋如」は進むこと。「摧如」は阻まれ進めないこと。「罔」は無の意味。「進もうとしても進めない。貞正にして吉。信頼を得られなくても心に余裕を持っていれば問題はない」。妨害がある時ですが、焦らず心を大きく持って、チャンスが訪れる日を待つことです。小休止といったところ。◎良い時です。
35,火地晋,2,1,吉,「晋如」は進むこと。「愁如」は愁い止まること。「介」は大きいこと。「進もうとしても心配で進めない。貞正にして吉。王母がヒイキにしてくれて大きな幸せを受ける」。目上の人や上司に気に入られて引き立てが得られるか、または諦めかけていたところに思いがけない幸せが転がり込むような時です。最後まで投げ出さないこと。◎良い時です。
35,火地晋,3,2,大吉,「允」は誠の心のこと。「仲間から信頼されて悔いがなくなる」。周囲の人々があなたのことを認めて信任してくれます。支持と協力を得て発展する気運です。選挙などには当選するでしょう。◎大変良い時です。
35,火地晋,4,0,平,「晋如」は進むこと。「〓鼠」は大きな鼠のこと。「大ねずみのように貧欲に進む。貞正にしていても危うい」。欲にかられて動き、不正や腐敗の渦中に置かれる時です。欲を捨てて退き、身の安全を図ることです。◎あなたの考え方、進み方に問題点があります、よく反省し、改めましょう。
35,火地晋,5,2,大吉,「悔いがなくなる。損得を気にせず進めば吉。よろしい」。目先の損得に構わず押しの一手で進むと成功するでしょう。障害に屈したり、高嶺の花とハナから諦めないことです。◎大変良い時です。
35,火地晋,6,0,平,「邑」は村のこと。「頂上まで登りつめた。村の内乱を鎮圧する。危ういけれども吉。.問題はない。ただし貞正であっても、力による内部の粛清は恥ずべきことである」。これ以上間口を拡げてはならない時です。あなたが上司ならば、部下に厳しすぎて反感を持たれている可能性があります。心を広く持って冷静に対処しましょう。
36,地火明夷,1,0,平,「地火明夷の時、鳥が翼を垂れ、人目を避けて飛び去る。君子も逃れ去るが、三日も食べることができない。進めば上司より小言をいわれる」。今は何をやってもうまくいかず、障害の多い時です。即刻、身を引くべし。
36,地火明夷,2,1,吉,「地火明夷の時、左ももが傷ついたが、強壮なる馬の助けで救われる。速やかに逃げて吉」。大急ぎで身を引けば、小さな傷で済む時です。強力な助っ人を得ること。
36,地火明夷,3,1,吉,「疾」は急ぐこと。「地火明夷の時、南へ攻め、敵の大将の首をとる。だだし、あまり急いで軽率に行ってはならない」。最後の決断として、断固とした手段で決着をつけるべき時ですが、性急さは禁物です。◎地火明夷の中では良い時です。
36,地火明夷,4,0,平,「相手の腹心になって、悪人の腹の内を探り得た。門庭を出て危険を回避する」。とうとう悪人の腹の内を知りえました。うまい逃げ道を考え、何としてでも脱出することです。うまい話には裏がある時。◎あなたの考え方、進み方に問題点があります。よく反省し、改めましょう。
36,地火明夷,5,0,平,「箕子」は殷の紂王の下臣の一人。「箕子が暴君紂王に対して狂人のふりをして、智恵を晦まし難を免れたように、貞正であれば良い」。悔しい思いをしても、徹底して暗愚をよそおい、難を逃れるときです。大石内蔵助にならいましょう。◎あなたの考え方、進み方に問題点があります。よく反省し、改めましょう。
36,地火明夷,6,0,平,「暗愚な者は、初めは天に昇るような勢いであるが、後には地に沈み、身を滅ぼしてしまう」。紂王の末路のように、一時的な盛運に驕っても、今や没落の危機に直面している時です。これまであなたが力にのみ頼り、人を傷つけ苦しめてきたことへの当然の報いでしょう。◎あなたの考え方、進み方に大きな欠陥があります。よく反省し、方針の転換をしましょう。
37,風火家人,1,0,平,「門を閉じて家を守れば、悔いはなくなる」。厳重な戸締まりと同様に丹念な準備を怠らずに内部を固める時です。物事は、最初に締めることが肝腎です。
37,風火家人,2,1,吉,「中饋」は台所仕事のこと。「自分を立てて通そうとしない。台所の仕事を怠らない。貞正にして吉」。本業に専念する時です。役割を分担しましょう。
37,風火家人,3,0,平,「〓々」は口やかましいこと。「嬉々」は笑い楽しむこと。「家族に口やかましく接すれば波風が立つが、行きすぎを反省すれば吉。また、女子どもがきゃあきゃあ笑ころげるような節度のなさでは、結局は恥ずべきことになる」。内部に乱れが出てくる時ですから、上手に締めることです。雰囲気づくりに気を配りましょう。
37,風火家人,4,2,大吉,「家が豊かになる。大吉」。家業に専念して大利を得る時です。穏和な路線を守ること。◎大変良い時です。
37,風火家人,5,2,大吉,「王様が家を治める。心配しなくとも良い。吉」。家庭の中は安定し、円満で心が通じ合い、運気も好調な時です。会社の中も、社長や部長を中心に一致団結というところ。◎大変良い時です。
37,風火家人,6,1,吉,「威如」は威厳があること。「誠があって、しかも威厳がある。最終的には吉」。常に反省しつつ締めていけば、家の繁栄は継続することでしょう。◎良い時です。
38,火沢睽,1,0,平,「悔いはなくなる。馬を見失うが、追わずとも向こうから戻ってくる。悪人でも心を広くして会えば問題はない」。一度背いた者もまた戻ってくる時です。去る者は追わず、放任することです。また、気に入らぬからと避けて通るのは損になる時。
38,火沢睽,2,1,吉,「巷」は町の小路のこと。「町の小路で主人に遭う。問題はない」。意外なことから解決策が見出せる時です。裏工作が功を奏しますが、相談して行うことです。◎火沢[目癸]の中では良い時です。
38,火沢睽,3,0,平,"「輿」は車のこと。「車が引き戻され,牛も引き止められて進めない。髪を切られ、鼻を切られるような憂き目に遭う。初めは良くないが、終りは良い」。周囲の人に誤解されたり、濡れぎぬを着せられたりと、苦労の多い時です。何事も関与しないが一番です。◎あなたの考え方、進み方に問題点があります、よく反省し、改めましょう。"
38,火沢睽,4,0,平,「［目癸］狐」は背いて孤立すること。「元夫」は善良な人のこと。「背いて孤立するが、善良な人に会い、誠をもって交わるようになる。危ういけれども問題はない」。意見が対立して孤立しやすい時ですが、正しくしていれば必ず素晴らしい理解者、かけがえのない親友が得られます。自我を抑えて柔和な態度を心がけること。
38,火沢睽,5,0,平,"「宗」は身内,親族のこと。「悔いはなくなる。同族と会って、柔らかい肉を噛むが如く和解できる。進んで事を行っても何の問題があろうか」。仲間と親しみ協力しつつ、解決に当たる時です。もめ事の後の仲直りといったところ。"
38,火沢睽,6,1,吉,「［目癸］狐」は背いて孤立すること。「豕」は豚。「塗」は泥。「寇」は敵、賊のこと。「背いて孤立する。泥まみれの豚と鬼が車に載っている。最初は弓を引いて射ようとするが、後には弓を下ろす。相手は敵ではなく求婚しようとして来たのである。進んで雨に流せば吉」。完全に疑心暗鬼の状態です。見方を変えれば疑いや誤解もとけて、すんなりと解決する時です。お互いに過去はサラリと水に流すこと。
39,水山蹇,1,0,平,「進めば困難にあい、退けば誉を受ける」。退いて時を待つ時です。
39,水山蹇,2,0,平,蹇々」は困難苦労の多いこと。「大臣が悩み苦しみつつ事に当るが、一個人のためではなく国のためである」。人のために身を粉にして働く時です。腹を据えて献身の精神に徹すること。
39,水山蹇,3,0,平,「反」は自分の内に帰ること。「進めば困難に遭い、退いて守れば安きを得る」。本分を守って内部を固める時です。
39,水山蹇,4,0,平,「進めば困難に遭うので、退いて仲間と協力する」。退いて友人と協力する時です。
39,水山蹇,5,0,平,「大きな困難に遭い苦しむが、同志が来て助けてくれる」。有力な助っ人の現れる時です。もうじき「ゆきなやむ」状態から脱出できます。
39,水山蹇,6,0,平,「碩」は大なること。「進めば困難に遭うが、退いて守れば大きな功績を得る。吉。有識者に相談することだ」。苦しかった水山蹇の時が去りつつあります。援助を得られる時ですので、有識者に相談の上、事に当たりましょう。きっと運が上向いてくるでしょう。◎水山蹇の中では良い時です。
40,雷水解,1,0,平,「分を守れば問題はない」。力不足ゆえ目上に従い、援助を求める時です。身近に誘惑があるので用心しましょう。
40,雷水解,2,1,吉,「狩に行って三匹の狐を得た。刺さっていた黄金の矢も得た。貞正にして吉」。頑張れば頑張るほど実績が上がり、名誉も手にする時です。思いもよらぬ宝を得られるかもしれません。積極的に動いて自らチャンスをつくりましょう。◎良い時です。
40,雷水解,3,0,平,「負」は荷を背負う業で、位の卑しいこと。「乘」は車に乗ることで、位の貴いこと。「寇」は敵、賊のこと。「荷を背に担いでいくべき人夫が車に乗り、何とも不釣合いだ。これでは賊に危害を加えられよう。貞正にしていても恥をかくことになる」。身分不相応なことを企てたり、格好を取りつくろってばかりだと大失敗に至る時です。実力をわきまえなさい。◎あなたの考え方、進み方に問題点があります、よく反省し、改めましょう。
40,雷水解,4,0,平,「拇」は小人との腐れ縁のこと。「つまらぬ者との腐れ縁は断ち切ることだ。同志がやって来て心のこもった交際ができる」。くだらない者とは即刻、手を切りましょう。勇気が求められる時です。
40,雷水解,5,1,吉,「君子であれば小人を解き放して吉。解き放された小人も、その誠に感じ入って従う」。泣いて馬謖を斬る時です。私情に流されずにやるべき時はやることです。
40,雷水解,6,1,吉,「高〓」は高い塀のこと。「王公が高い塀の上に止まっている隼を撃ち落とす。これを捕えてよろしい」。目の上の瘤を抹殺することができて、懸案や難問が一気に解決する時です。強攻手段を用いてでも敵に対抗することです。しかし、油断は禁物。◎良い時です。
41,山沢損,1,0,平,「事」は携わっている仕事のこと。「自分の仕事をやめて速やかに行く。問題はない。事情をくみ取った上で自分を損することだ」。実情を見て適正に行うことも大切です。限度を知るべし。
41,山沢損,2,-1,凶,「貞正にして動かぬのが良い。進んで事を行えば凶。自分は損することなく他を益する」。動かずに自分を大切にしたほうが良い時です。見守って自立を促すことも人助けのうちです。
41,山沢損,3,0,平,三人で行けば一人が仲間外れになるが、一人で行けば友を得られる」。共同で行うより単独で行ったほうが成功しやすい時です。多くを望まず目標を一つに絞ること。
41,山沢損,4,1,吉,「疾」は病根のこと。「病根を断ち切る。速やかならば喜びがある。問題はない」。障害を速やかに除くべき時です。手当は早めにすること。◎良い時です。
41,山沢損,5,2,大吉,「十朋之龜」は非常に高価かな亀のこと。「思いもよらず益される.この上なく立派な亀で占う必要もない。大いに吉」。思わぬ助力を得られ、難なく利益の得られる時です。◎大変良い時です。
41,山沢損,6,2,大吉,「自分を損することなく他を益す。問題はない。貞正にして吉。進んで良い。自分の家のことを忘れるくらいに奉仕をしてくれる良き臣下を得る」。部下の惜しみない協力を得られるのはもちろん、大いに信望を集める時です。誠意を大切にしましょう。◎大変良い時です。
42,風雷益,1,2,大吉,「大作」は大仕事のこと。「大仕事を行っても良い。大いに吉。問題はない」。フロンティア精神でもって大いに発奮する時です。大事業を興すチャンスです。◎大変良い時です。
42,風雷益,2,2,大吉,「十朋之龜」は非常に高価な亀のこと。「思いもよらず益される。この上なく立派な亀で占う必要もない。いつまでも貞正を固く守れば吉。王が豊年を祈って天帝を祭る。吉」。思わぬ助力が得られ、また、意外な幸運が舞い込む時です。天にも感謝しましょう。◎大変良い時です。
42,風雷益,3,-1,凶,「凶事」は戦争や凶作などの国家の非常事態。「中行」は正しい道。「公」は王公。「圭」は謁見時に用いられる誠の証の玉のこと。「戦争や凶作などの試練を克服して、自分に役立たせる。問題はない。誠をもって中道を進めば、王公に誠の証の玉を捧げるチャンスも与えられる」。困難に直面しても、自分を磨くためのチャンスと考え、克服しましょう。それが上から認められることにつながります。新規のことは不可の時。◎良い時です。
42,風雷益,4,2,大吉,「中行」は正しい道のこと。「公」は王公のこと。「中道を守って，王公に進言して聞き入れられる。国の都を移すほどの大事を行っても良い」。計画は時流にマッチし、また、目上の絶大な信頼を受け、大仕事を行なうべき時です。転勤などがあるかもしれません。◎大変良い時です。
42,風雷益,5,2,大吉,「誠があって，恵みの心が深い。問うまでもなく大いに吉。誠があって徳を恵むのだから，民も信頼する」。誠意を尽くせば大いに希望が叶う時です。人との和合を常に心がけることです。◎大変良い時です。
42,風雷益,6,-1,凶,「他を益そうとしないので、民から攻撃を受けるようになる。恒常心がなく，凶」。共存共栄を心がけるべき時に私利私欲にとらわれて人の恨みを買い、非難ごうごうの時です。すべての人からそっぽを向かれて、どうして風雷益の状態を保てましょうか。◎あなたの考え方、進み方に問題点があります、よく反省し、改めましょう。
43,沢天夬,1,0,平,「前進する意気は盛んだが、進んでも勝ち目はなく災いをなす」。
43,沢天夬,2,0,平,「号」は泣き叫ぶこと。「戎」は敵兵のこと。「恐れて泣き叫ぶ。夕闇に敵の襲来遭う。心配しなくても良い」。闇討ちに備えてガードを固める時です。
43,沢天夬,3,-1,凶,「〓」は面骨のこと。「夬」は決断、決行のこと。「面骨」にまで血気が現れている。凶である。君子は行う時にはあくまで決行する。一人で飛び出して雨に遭い、雨で濡れるように濡れ衣を着せられ疑われ、慍（おこ）られるようなことがあるかもしれないが問題はない」。裏工作に徹底する時です。計画は胸に秘め、素知らぬ顔をして決行することです。◎あなたの考え方、進み方に問題点があります。よく反省し、改めましょう。
43,沢天夬,4,0,平,「臀」は尻。「次且」はうろうろと進みかねること。「尻の肉がないのでうろうろとすすみかねる。羊に引かれていくように人に従っていけば悔いはなくなる。人のいうことをまともに信じようとしない」。優柔不断で不安定な立場の時です。人に従って進むことを心がけるとともに、人の忠告を素直にききいれるべきです。◎あなたの考え方、進み方に問題点があります。よく反省し、改めましょう。
43,沢天夬,5,0,平,「莫陸」は山ごぼう。「夬」は決断、決行のこと。「夬夬」は除き去ることを強めたもの。「中行」は正しい道。「山ごぼうを跡形もなくなく抜き去るように、小人を徹底して除き去る。中道を守れば問題ない」。責任をとる時が来ました。思いきって決行することです。ただし用心を重ねるべし。
43,沢天夬,6,-1,凶,「号」は泣き叫ぶこと。「泣き叫んで救いを求めても無駄で、結局は凶」。独裁者の最後とでもいうべき決壊の時です。突然の解雇の憂き目に遭うかも。もはや手の施しようがありません。◎あなたの考え方、進み方に大きな欠陥があります。よく反省し、方針の転換をしましょう。
44,天風姤,1,-1,凶,「金［木尼］」は金属の杭。「羸豕」はやせ豚。「〓躅」ははね回ること。「金属の杭にしっかりつなぎ止める。貞正にして吉。進めば凶。やせ豚はよくはね回るので。油断していたら手に負えなくなる」。誘惑が多い時ですが、ふらふらとついて行かないことです。万事、手出し口出しは禁物です。
44,天風姤,2,0,平,「魚」は陰の物で、小人のこと。「魚が包まれている。問題はない。客にも薦めないことだ」。公私混同を避け、内々で処理すべき時です。願望も今は胸に秘めておくこと。
44,天風姤,3,0,平,「臀」は尻、「次且」はうろうろと進みかねること。「尻の肉がないのでうろうろと進みかねる。危ういけれど大きな問題はない」。うまく事が運ばない時ですが、それがかえって失敗を遠ざけプラスになります。焦らずじっくり考えて行動すること。◎あなたの考え方、進み方に問題点があります、よく反省し、改めましょう。
44,天風姤,4,-1,凶,「包んであった魚が行方不明。凶事が起こる」。自分の欲しいものがすでに他人の手中にある時です。取り返そうとしても無駄なこと、人望のなさをまず反省しましょう。◎あなたの考え方、進み方に問題点があります、よく反省し、改めましょう。
44,天風姤,5,0,平,「杞」はかわやなぎ。「章」は知識や才能、徳のこと。「かわやなぎの篭の中に瓜をそっとしまう。知識、才能や徳を包み隠していれば、天より幸運が降ってくる」。内部を充実させましょう。今はすべてを包み隠して時を待つべきです。
44,天風姤,6,0,平,「角にあう。恥ずべきことだ。問題はない」。器量が小さいくせに強気に出すぎて、争い事などのトラブルが生じる時です。孤立を避けたいのなら関わるべからず。◎あなたの考え方、進み方に問題点があります、よく反省し、改めましょう。
45,沢地萃,1,0,平,「一握」は容易にの意味。「誠」があっても全うできない。心がどうにも定まらない。もし声を上げて友を呼ぶなら応じてくれて、簡単に笑いに変わる。心配しなくても良い。進んで問題はない」。何かと迷いの多い時ですが、目的を一つに絞らないことにはラチが明きません。意志表示を明確にすること。
45,沢地萃,2,1,吉,「〓」は簡略された祭りのこと。「人を立て自分は陰にまわる、すなわち引いて吉。問題はない。誠があれば質素な祭りで良い」。出しゃばらず、誠の心で進む時です。◎良い時です。
45,沢地萃,3,0,平,「萃如」は集まること。「嗟如」は嘆き悲しむこと。「集まっても、嘆き悲しむばかりで良いことがない。進めば問題はないが、少々恥をかく」。障害多く、ため息ばかりが出る時です。あれこれ迷う気持ちが気力を削いでいるのです。
45,沢地萃,4,2,大吉,「大人は吉。問題はない」。人があなたを頼りにわんさと集まってくる時で、対人面で配慮を要する時です。強欲で、高慢なのは小人の態度、大人のあなたには禁物です。◎大変良い時です。
45,沢地萃,5,2,大吉,「人心を集めて地位を保てば問題はない。心服しない者がいても、大いにいつまでも貞正を保つようにすれば悔いがなくなる」。人望を集める時です。実力が伴わない状態なので、努力を継続すること。◎大変良い時です。
45,沢地萃,6,0,平,「齊咨」は嘆き悲しむこと。「涕洟」は涙を流すこと。「嘆き悲しみ、涙を流して泣くが問題ない」。成功して衆に抜きん出たはずなのに、時の流れに取り残されて一人ぼっち、孤立無援を感じる時です。進めることは、泣きの涙に至るので控えること。◎あなたの考え方、進み方に問題点があります、よく反省し、改めましょう。
46,地風升,1,2,大吉,「允」は誠の心のこと。「誠の心をもって昇り進む。大吉」。昇り始めたところです。自分を先に立てずに、目上の人と志を合わせて着実に進む時です。◎大変良い時です。
46,地風升,2,1,吉,「〓」は簡略された祭りのこと。「誠があれば、質素な祭りで良い。問題はない」。信任され名誉を得る時です。誠心誠意、事に当たれば、後に喜びに通じます。利益を求むるなかれ。◎良い時です。
46,地風升,3,1,吉,「邑」は村。「虚邑」は人のいない村。「無人の村を行くように昇り進む」。何の妨げもなく勢いよく進める時です。ただし、中身にはちょっと欠けるかも。◎良い時です。
46,地風升,4,1,吉,「岐山」は周の西山。「亨」は祭祀を行うこと。「王は岐山で祭祀を行なう。吉であって問題はない」。心が通じ合う時です。自分の立場をわきまえ、控え目に、かつ誠意をもって努めることです。◎良い時です。
46,地風升,5,2,大吉,「貞正にして吉。階段を昇るようだ」。階段を昇るように確実に、またたやすく目標に近づける時です。思いもよらない昇進を受けたり、女性なら玉の輿に乗るチャンスです。目下の助力を求めるべし。◎大変良い時です。
46,地風升,6,0,平,「冥」暗闇。「息」は動くこと。「暗闇でも昇り進もうとする。反省し、進むことを絶えず制して貞正であるように心がければ良い」。昇りすぎ、止まることを知らず、とうとう行きつく所まできてしまいました。今が退き時、見切りをつけることです。◎あなたの考え方、進み方に問題点があります、よく反省し、改めましょう。
47,沢水困,1,0,平,「臀」は尻。「株木」は切り株のこと。「疲れ果てて座りたいのに、切り株がゴツゴツしていてお尻が痛くて座れない。暗い幽谷に迷い込んで三年間も行方不明になる」。職場も家庭も居心地悪く、どうしようもない時です。こうなれば、腹をくくって踏み止まることです。◎あなたの考え方、進み方に問題点があります、よく反省し、改めましょう。
47,沢水困,2,-1,凶,[朱〓」は天子の礼服、すなわち天子のこと。「亨祀」は祭祀のこと。「酒食にも事欠いて困っているが、やがて天子が訪れて登用してくれるだろう。祭祀でもとり行うことだ。こちらから進めば凶。問題はない」。生活困窮の時ですが、時を待ち堪え忍ぶことです。相手の出方を見て対処すること。
47,沢水困,3,-1,凶,「〓藜」はとげいばら。「宮」は家のこと。「石に立ちふさがれ、とげだらけのいばらにからまれる。家に帰ったら妻は家出していない。凶」。上司や部下にもいじめられ、信じていた妻にも逃げられるような、まさに「泣き面に蜂」の時です。動けば動くほど傷が深くなる時ですので、悪あがきはやめて、「石の上にも三年」の心構えでじっと耐えることです。◎あなたの考え方、進み方に大きな欠陥があります、よく反省し、方針の転換をしましょう。
47,沢水困,4,0,平,「金車」は剛健なる家臣のこと。「家臣が助けに来るのが遅い。行き詰まってしまうが最後には願いが叶う」。たとえば、実家から来るべき送金が来ないで金欠状態になりイライラしているような時ですが、どうにかぎりぎりで間に合います。救いの神は必ず現われますから、焦らないこと。
47,沢水困,5,0,平,「赤〓」は諸侯の礼服、すなわち諸侯・参謀のこと。「鼻を切られ、足を切られるように、今は惨めな状況で、良い参謀もいない。だが、時がたてば徐々に喜びが出てくる。祭祀でもとり行うことだ」。天の助けか、援助者をようやく得て、前途に光明を見出せる時です。部下に人材を求めること。
47,沢水困,6,0,平,"「葛〓」はかずら。「〓〓」は動揺して安定しないこと。「つたかずらにからまれて,道なきこうした時に動けば後悔することになる。だが、自分の非を悔い改めて進めば吉」。苦しんだ沢水困の時ももうじき去ります。不安な気持ちでいっぱいですが、用心に用心を重ねて出直す時です。暗い気持ちをきれいさっぱり切り替えましょう。"
48,水風井,1,0,平,「禽」は鳥のこと。「井戸の底が泥で濁って飲めない。この不井戸には鳥も寄り付つかない」。あなたには人から頼られるような力や徳が欠けていませんか。世間から相手にされないとボヤく前に、せめて泥くさい言動は正すことです。◎あなたの考え方、進み方に問題点があります、よく反省し、改めましょう。
48,水風井,2,0,平,「井戸の水は底の鮒にかかる程度しかない。つるべが破れて水が漏れてしまう」。骨折り損のくたびれもうけの時です。浪費ぐせは直しましょう。◎あなたの考え方、進み方に問題点があります、よく反省し、改めましょう。
48,水風井,3,0,平,「井戸をさらってきれいにしたのに、誰も飲んでくれない。心が痛む。充分汲むべき水であるのに。今は水風井の時、努力をつ続けていれば、王の人を見る目が明らかならば用いられ、今までの苦労が報われ、互いに幸せになれるだろう」。今は日の目を見なくとも、わかってくれる人は必ずいます。捨て鉢にならず、その才能にさらに磨きをかけること。
48,水風井,4,0,平,「井戸を補修して石畳にした。問題はない」。いよいよあなたの才能を発揮する時が近づいてきました。今はその準備の時に当たります。人に好かれるためには小ぎれいに装うことも必要です。内部を整え充実させましょう。
48,水風井,5,1,吉,「井戸の水が冽く、冷たい水がこんこんと出てくるようになり、人から飲んでもらえるようになった」。世間の信用が得られる時です。人のためにと頑張ることが、あなたにも大きな恵みとなって返ってくるのです。私利私欲は禁物。◎良い時です。
48,水風井,6,2,大吉,「井戸に蓋をして独占するようなことをしてはならない。奉仕の心があれば大いに吉」。井戸が大成した姿で、あなたの徳が広く世間に認められる時です。万人に役立とうとする気持ちを忘れず、さらに努力を続けること。◎大変良い時です。
49,沢火革,1,0,平,「黄牛の革で身を固め、革命に備える」。どんなに気持ちがはやっても、改革に着手するには時期尚早です。今は様子を見ることに徹して動かないことです。
49,沢火革,2,1,吉,「巳日」は改めるべき日のこと。「改めるべき日に至って改める。進めば吉で問題はない」。内々に準備を進めて機が熟せば果敢に行動することです。焦りは禁物。◎良い時です。
49,沢火革,3,-1,凶,「進めば凶。貞正にしていても危うい。革命の議論が三度繰り返される。誠意がある」。周囲の意見をよく聞いて理解を得る時です。独断はいけません。◎あなたの考え方、進み方に問題点があります、よく反省し、改めましょう。
49,沢火革,4,1,吉,「悔いはなくなった。誠意をもって改める。吉」。改革に取り組む時が訪れました。誠意をもって実行に移せば成功します。◎良い時です。
49,沢火革,5,2,大吉,「大人が虎のように美しく変わる。占うまでもなく信頼を得る」。ここにきて改革が成就します。絶大な支持と賞賛のもと、すべて一新して希望の果たせる時です。◎大変良い時です。
49,沢火革,6,-1,凶,「君子は豹のように美しく変わる。小人は表面だけ変わったように見せかける。さらに進めば凶。貞正を守れば吉」。これ以上進むことはやめて、改革の仕上げを丁寧に行なう時です。あまり厳しく要求することは控えて、改革が自然に定着するのを待つこと。◎良い時です。注「君子豹変」は一般に心変わり、裏切りの意味にとられていますが、易経の正しい解釈は、君子は誤りがあれば素直にこれを改め、常に自己改革する、という大変良い意味です。
50,火風鼎,1,0,平,「〓」はさかさまのこと。「鼎の脚をさかさまにして、汚物を出すのが良い。妾をもらって、その子を得て問題はない」。役に立たないものは一掃し、古い問題は解決するべき時です。まず、新しいものを取り入れる前に内部を整えることが大切です。
50,火風鼎,2,0,平,「我仇」は敵。「疾」は嫉妬のこと。「こちらは実力が充分にある。それを我が敵が嫉妬する。結局、こちらに近づくことが叶わず吉」。足手まといとなる者や事柄が身近に存在する時です。タカをくくらず、行動を慎むこと。
50,火風鼎,3,1,吉,「鼎の耳がとれ、持ち上げられずに、雉の脂身を食べることができない。だが、やがて雨が降って鼎を冷やすから悔いはなくなる。最終的には吉」。目当てのものを目前にして、やりすぎて失敗する時です。火加減はほど良く、穏和なやり方に変更すること。
50,火風鼎,4,-1,凶,「「〓」はご馳走。「渥」は重刑のこと。「鼎の脚が折れて、公のご馳走がひっくり返ってしまった。重刑に処せられ凶」。基礎がひ弱なため重荷に耐えきれず、ひっくり返ってしまう時です。実力をわきまえるべきです。または右腕とする部下は慎重に選ぶこと。◎あなたの考え方、進み方に問題点があります。よく反省し、改めましょう。
50,火風鼎,5,2,大吉,「鼎に黄金の耳と金のつるが付き、堂々としている。貞正であれば良い」。今までの努力が報われる時です。人の意見をよく聞くこと。◎大変良い時です。
50,火風鼎,6,2,大吉,「鼎に宝石で飾られたつるが付き、堂々としている。大いに吉。よろしい」。有終の美を飾れて運気盛んな時です。人との協力を忘れず堅実路線で進むこと。◎大変良い時です。
51,震為雷,1,1,吉,「々」はびくびくと恐れ驚くこと。「々」は安心して笑うこと。「雷が鳴り響くとびくびくと恐れ驚くが、後に治まると安心して笑い声が起こる。吉」。初めはびっくりしても後に喜びを得ます。奮起の上、努力すること。◎良い時です。
51,震為雷,2,0,平,「億」は多いこと。「貝」は貨幣。「九」は連なること。「雷が鳴って危険である。多くの財を捨てて、連なる高い丘に登って身を守ることだ。失ったものは追わなくとも、七日もすれば戻ってくる」。危険がすぐそこまで追っています。欲は捨て、身の安全を第一に図る時です。身一つあれば何とかなるもの。
51,震為雷,3,0,平,「蘇々」は茫然自失すること。「雷に遭って茫然としている。恐れて慎重に行けば災いはない」。肉体的にも精神的にも疲労が重なりバテている時です。自分の能力の限界以上のことは控えるべきですが、もう少し気を強く持ちましょう。◎あなたの考え方、進み方に問題点があります。よく反省し、改めましょう。
51,震為雷,4,0,平,「動いて、遂に泥にはまる」。力不足の身でありながら分不相応なことに手を出して、中途で挫折を味わう時です。何事も控えるべし。◎あなたの考え方、進み方に問題点があります。よく反省し、改めましょう。
51,震為雷,5,0,平,「億」は大いにの意味。「有事」は為すべきこと。｢雷が鳴って往来するのも危うい。なすべきことはしっかり果たすことだ」。動かず現状維持の時です。有事の備えは確実にしておくこと。
51,震為雷,6,-1,凶,「索々」は茫然自失すること。「矍々」はきょろきょろと定まらぬこと。「婚媾」は姻戚、まわりの人のこと。「雷に遭って茫然とし、きょろきょろと視線も落ち着かない。進めば凶。雷が我が身にではなく、隣に落ちたので問題はない。まわりの人から小言をいわれる」。災いが及ぶ前に落ち着いて早めに対策をたてる時です。慌てふためいてばかりでは、見えるものまで見えなくなってしまいます。
52,艮為山,1,0,平,「足を止め、動かない。問題はない。いつまでも貞正を保てば良い」。現状維持に徹する時です。転職などはもってのほかです。
52,艮為山,2,0,平,「腓」はふくらはぎのこと。「ふくらはぎを止める。上にある者が従ってくる者を助けてくれない。不愉快である」。会社では上司と心が合わず、意見が通じず、思うようにならない時です。我慢するしかないでしょう。
52,艮為山,3,0,平,「限」は「腰」、「夤」は腰骨、「薰」は煙でいぶすこと。「腰を止める。そうしたら腰骨が裂ける。危うく煙でいぶされたように心が痛む」。会社の中では上下の板ばさみになって、引き裂かれるような思いをするなど、労多くして功少なく、中途で挫折しやすい時です。あまりに柔軟性がないのも考えもの。◎あなたの考え方、進み方に問題点があります。よく反省し、改めましょう。
52,艮為山,4,0,平,「自分自身が動かない。問題はない」。会社では部長の位です。上には社長が控えていますので、自分の分を守り、時の来るのを待つことです。
52,艮為山,5,0,平,「輔」は口のまわり。「口を止める。すなわち言葉を慎む。意見がある時は順序正しく述べる。悔いはなくなる」。「沈黙は金」の時です。風格のある人は言葉を選ぶもの。
52,艮為山,6,1,吉,「一番高い山に心敦く止まる。吉」。止まるところに見事に止まり終えて、今や見識、財力ともに山の如しの時です。仕上げは入念に。◎良い時です。
53,風山漸,1,0,平,「鴻」は水鳥。「小子」は若者のこと。「小鳥が水際まで進んだ。水際は他の動物が獲物を狙うところで、小鳥は危険である。いろいろ文句も出るが問題はない」。出足が肝腎です。まだまだひよっこ、慎重に行動しましょう。
53,風山漸,2,1,吉,「鴻」は水鳥。「〓々」は和やかに楽しいこと。「水鳥が川の中の岩の上に進んだ。水も飲め、魚も獲れ、飲食を楽しめる。吉」。収入も増え、ゆとりのある時です。目上の信頼に応えること。◎良い時です。
53,風山漸,3,-1,凶,「鴻」は水鳥。「冠」は敵、賊のこと。「水鳥が陸に上がった。夫は蒸発、妻は身ごもっても子を育てようとはしない。凶。外敵を防ぐことだ」。家庭内に波風が立ちそうな時です。自分勝手な行動は災いの元になります。◎あなたの考え方、進み方に問題点があります。よく反省し、改めましょう。
53,風山漸,4,0,平,「鴻」は水鳥。「桷」は木の枝のこと。「水鳥が木に進んだ。止まり木を得た。問題はない」。とりあえず足場はできましたが、まだまだ不安定な時です。これからが正念場、慎重に行動し、木から落ちないようにしましょう。
53,風山漸,5,1,吉,「鴻」は水鳥。「陵」は丘のこと。「水鳥が高い丘に進んだ。妻は三年間も妊娠しなかった。邪魔者がいたからであるが、この邪魔者は勝てないと悟っていなくなり、先が見えてきた。吉」。長い間悩んでいたことが解決する時です。根気が大切。◎良い時です。
53,風山漸,6,2,大吉,「鴻」は水鳥。「逵」は雲路のこと。「水鳥が空高く雲路を飛ぶ。その羽の美しい姿は儀式の飾りに用いて良いほどである。吉」。水鳥が整然と並んで空を飛ぶ姿は実に美しいものです。そこには順序と秩序があります。人から手本として仰ぎ見られるほど有終の美が飾れる時。◎大変良い時です。
54,雷沢帰妹,1,1,吉,「〓」は妾，副妻。「跛」は片足が悪いこと。「副妻として嫁ぐ。片足の悪い人が無理をせず歩いていくような態度なら進んで吉」。実力のない時ですから控え目な態度で陰の力となることを心がける時です。万事、二番目を狙うべし。
54,雷沢帰妹,2,0,平,「眇」は片眼が悪いこと。「幽人」は山の中に隠れ住む人のこと。「片眼で見るが如く，世捨て人のように貞正にしておれば良い」。見て見ぬふりをするような賢明さが求められる時です。不満があっても、決して多くを望まずに、静かに自分の道を守ること。
54,雷沢帰妹,3,0,平,「須」は下賎な女、「〓」は妾，副妻のこと。「下賎な女が結婚したが、釣り合わない結婚ゆえ戻ってくる。今度は副妻として出直す」。欲のままに動いて失敗しやすい時です。どんなに働きかけても人から用いられないのは、あなたの邪な心が見抜かれているからです。◎あなたの考え方、進み方に問題点があります。よく反省し、改めましょう。
54,雷沢帰妹,4,0,平,「婚期を逃してしまった。後日を期して嫁ぐのを待つ」。今は引き潮の時です。満ち潮の時まで焦らず悔まず、待機することです。
54,雷沢帰妹,5,1,吉,「袂」は着物、「〓」は妾、副妻、「望」は満月、「帝乙」は殷の紂王の父のこと。「帝乙が妹を臣下に嫁がせた。その時の衣装は、副妻のよりも質素なものであった。だが、満月に近い月のように、ゆかしい婦人の輝ける徳があった。吉」。名よりも実をとるべき時です。あなたの心の美しさが大いに人の心を打ちます。◎良い時です。
54,雷沢帰妹,6,0,平,「筐」は箱のこと。「女が受けた結納の箱は空っぽで、男が婚礼のための羊を裂いても血が出ない。良いことはない」。ともに誠意や愛情の見られない、形ばかりの冷めた関係で何事も成就しえない時です。これも、うまい話に乗っても心の赴くままにチグハグに進んできた結果でしょう。◎あなたの考え方、進み方に問題点があります。よく反省し、改めましょう。
55,雷火豊,1,0,平,「配主」は志を同じくする主人。「旬」は十日間の意味。「主人に遭う。お誘いがあったりするが、十日間に及んでも問題はない。進んでいけば喜ばれ、大事にされる」。信用される時です。謙虚な気持ちを忘れず人と協力すること。
55,雷火豊,2,0,平,「蔀」は大きな草で編んだ日除け。「斗」は北斗七星。「疑疾」は疑惑と嫉妬。「発若」は発すること。「日除けを大きくかけたので、日中にキラキラ輝く北斗七星を見るようだ。進んでいけば疑い憎まれるが、誠をもって啓発すれば吉となる」。家を大きくしたり、日中から賑々しく宴会したりで疑われ、妬まれたりする時です。今は誤解されても下手に動かず、誠意を尽くして全力投球することです。
55,雷火豊,3,0,平,「沛」は天幕。「沫」は星くず。「右肱」は右ひじのこと。「天幕を更に大きくかけた。暗黒の中、まるで日中に星くずを見るようだ。右ひじを折って不便であるが、問題はない」。実力が発揮できなかったり、右腕と信じていた者に裏切られたりする危険性のある時ですが、相手は小物で問題ありません。しかし、安全第一に考える時です。◎あなたの考え方、進み方に問題点があります。よく反省し、改めましょう。
55,雷火豊,4,1,吉,「蔀」は大きな草で編んだ日除け。「斗」は北斗七星。「夷主」は同僚、仲間のこと。「日除けを大きくかけたので、日中にキラキラ輝く北斗七星をみるようだ。力のある仲間に遭う。吉」。豊かになり日中から賑々しいようですが、どうも自身過剰ぎみで不安のある時です。智者の助けを得られる時ですから協力、相談して行うことです。
55,雷火豊,5,2,大吉,「章」は文章のこと。文明にして道徳のある者のこと。「徳ある賢人を招いて協力を求めれば、慶事と名誉が得られる。吉」。文章、学問、文化面で名誉の得られる盛運の時です。◎大変良い時です。
55,雷火豊,6,-1,凶,「蔀」は大きな草で編んだ日除け。「〓」は覗き見ること。「闃」はひっそりという意味。「屋根を大きくして家に日除けをかけた。入口から中を覗いてみてもひっそりとしていて誰も住んでいないようだ。当主も三年もの間行方不明になる。凶」。ちょうどバブル経済が破綻をきたした時のように、豊かな時に勢いのまま進みすぎ、頂点からまっさかさまに転落した姿です。外見がどれだけ立派でも中身が乏しいというのは、あなた自身のことかもしれません。◎あなたの考え方、進み方に問題点があります。よく反省し、改めましょう。
56,火山旅,1,0,平,「瑣瑣」はこせこせすること。「旅して、こせこせと落ち着かない。災いを被ることになる」。小利にこだわって大利を失う時です。ケチな考えはやめて、大切なことを見落とさないように視野を広く持つことです。◎あなたの考え方、進み方に問題点があります。よく反省し、改めましょう。
56,火山旅,2,1,吉,「次」は宿。「資」は資本すなわちお金。「僕」は召し使いのこと。「旅して宿に着き、懐には充分お金がある。召し使いの若者も忠実だ」。火山旅の時にあって、まずまず平穏な時です欲張らないことです。◎火山旅の中では良い時です。
56,火山旅,3,0,平,「次」は宿。「僕」は召し使いのこと。「旅先で宿が火事に遭い、召し使いの若者も失った。危険である」。あなたの思い込みの激しさ、人使いの悪さから、親友や目下の者から愛想を尽かされているような時です。自業自得というもの。◎あなたの考え方、進み方に大きな欠陥があります。よく反省し、方針の転換をしましょう。
56,火山旅,4,0,平,「処」は落ち着ける所。「資斧」は資本と武力、すなわち、ここではお金と物資のこと。「旅して落ち着ける場所を得た。お金と物にも不自由しないが、何か憂欝である」。居心地が良くとも所詮は旅先でのことゆえ、気苦労と不安の絶えない時です。好調は一時的なものと心得、ほど良く止まることです。◎あなたの考え方、進み方に問題点があります。よく反省し、改めましょう。
56,火山旅,5,1,吉,「矢一本で雉を射落とした。最後に名誉を受けることになる」。小さな投資で大きな収穫のある時です。一時の犠牲や回り道にこだわらずに頭を使うことです。ストレートなやり方は不可。◎火山旅の中では良い時です。
56,火山旅,6,-1,凶,「号〓」は泣き叫ぶこと。「易」はここでは境界のこと。「鳥がその巣を焼かれるように宿を失う。最初は高笑いしていた旅人が後には泣き叫ぶ。大切な牛を境界で見失う。凶」。旅の目的を忘れ、旅人の分限を忘れた末路でしょう。あなたの驕慢さ、冷酷さが災いして拠点を失い、途方に暮れる時です。文字どおり、災難に注意するべし。◎あなたの考え方、進み方に大きな欠陥があります。よく反省し、方針の転換をしましょう。
57,巽為風,1,0,平,「進んだり退いたりする。武人のように断固として行なうことだ」。ぐずぐずと迷って、結局は何もできない時です。ひとたびこうと決めたのなら強い意志を持って腹を据えて行動することです。
57,巽為風,2,1,吉,「牀」はベッド。「史巫」は神主と巫女のことで、ひいては占いのこと。「粉若」は紛らわしいこと、疑わしいこと。「ベッド中に入り込んでいる者がいる。疑わしいので、占いを用いて確かめる。このくらい慎重だと吉で問題はない」。情報不足で、疑いの多い時です。足を引っ張る者に気をつけて慎重にすることです。上下との交流を密にし、情報を集めること。
57,巽為風,3,0,平,「しきりに遜（へりくだ）る。非難される」。二股膏薬の如く、卑屈で節操がありません。周囲の人はあなたの誠意のなさをお見通しです。見境なくペコペコ頭を下げずに、分別とプライドを持って自分を取り戻すことです。◎あなたの考え方、進み方に問題点があります。よく反省し、改めましょう。
57,巽為風,4,1,吉,「三品」は上・中・下の三種の肉。「悔いがなくなる。狩に出て、三種の獲物を得る」。幅広い信頼を得て大いに働き、大いに利益の上がる時です。人を立て、協力して行なうことです。動かないことには収穫はありません。◎良い時です。
57,巽為風,5,1,吉,「先庚三日」は十干の庚の三つの手前で丁、すなわち丁寧。「後庚三日」は庚の三つ後で癸、すなわち揆（はか）り考えること。「貞正にして吉。悔いがなくなる。よろしい。初めはよくなくても終わりは良い。事を改める前後は丁寧に、また、よく考えて行う。吉」。多少時間がかかっても臨機応変にしてかつ断固やり遂げるべき時です。事の前後に細心の注意を払うこと。◎良い時です。
57,巽為風,6,-1,凶,「牀」はベッド。「資斧」は資本と武力、すなわちお金と権力のこと。「ベッドの下に入りこむように遜る。卑屈ゆえ、お金も権力も失う。貞正であっても凶」。あなたは完全に自分を見失っているイエスマンです。あるいは、私欲のために巧言令色を駆使し、必要以上に遜っている時です。今のままでは人に疎まれ、財産も地位も権威も何もかも失ってしまいます。◎あなたの考え方、進み方に問題点があります。よく反省し、改めましょう。
58,兌為沢,1,1,吉,「和して喜ぶ。吉」。現状を守って、平和な時です。◎良い時です。
58,兌為沢,2,1,吉,「誠をもって喜び合う。吉。悔いがなくなる」。誠実さが開運を招く時です。信頼関係を大切に。◎良い時です。
58,兌為沢,3,-1,凶,「喜びを求めてくる。凶」。下心を持った者が近づいてきているか、あなた自身が巧言でもって人を欺こうとしている危険な時です。うまい話は破滅のもとです。◎あなたの考え方、進み方に問題点があります。よく反省し、改めましょう。
58,兌為沢,4,0,平,「商」は比べ量る。「寧」は安定する。「介」は境界をつくって自らを固く守ること。「疾」は病気のように災いをもたらすもののこと。「どちらの喜びをとろうかと比べて迷う。邪悪なものから身を守って喜びがある」。酒や女、ワイロなどの邪道を退けて正道に立ち帰る時です。私情や私欲を制して、本来の目的に専念すること。
58,兌為沢,5,0,平,「剥」は削り落とすこと。「引きずりおろそうと邪心をもつ者が親しくしようとして来る。危険である」。詐欺に用心する時です。足をすくわれないように気を許さず、身を守ることです。
58,兌為沢,6,0,平,「巧言令色でもって人を引き入れて喜ぶ」。取り巻きを引き連れて得意になっているような時です。志の低さを反省すべきです。ただし、引退、退職して余生を楽しむには良い機会です。◎あなたの考え方、進み方に問題点があります。よく反省し、改めましょう。
59,風水渙,1,1,吉,「救うのに馬が強壮であれば吉」。力が弱い時なので、力強き人の援助を急いで求めましょう。
59,風水渙,2,0,平,「机」は肘かけ。「風水渙の時、身を安んじる所に走る。悔いがなくなる」。有力者の援助を大急ぎで求める時です。基礎を固めて安定させること。
59,風水渙,3,0,平,「我が身を顧みずに尽くす｡悔いはない」。利己心を散らして、自分の身を粉にして全力投球する時です。体裁にはこだわらないこと。
59,風水渙,4,2,大吉,「丘」は高い志。「夷」は平常の意味。「派閥を解散する。大いに吉。一度解散して新たに高きに従い集まる。凡人の考えでは及ばないことだ」。いったん解散してこそ立派な大同団結のできる時ですが、平凡な手段では効果が少ないでしょう。広い視野と大胆な行動力が求められる時です。◎大変良い時です。
59,風水渙,5,1,吉,「渙汗」は詔令を発すること。「大号」は大政令のこと。「王居」は王の蓄えたもの。「大政令を発して、王の蓄えたものを与えて民を苦しみから解放する。問題はない」。大きなことを行って良い時。人のために骨折ることを惜しまなければ自らも利を得ることができます。自信を持って初志を貫くこと。◎良い時です。
59,風水渙,6,0,平,「流血沙汰から遠ざかり、危険から遠く流れ去る。問題はない」。面倒なことから速やかに退き、安全を図る時です。「見ざる、聞かざる、いわざる」に徹すること。
60,水沢節,1,0,平,「庭から外に出ない。問題はない。」完全防備で内部を固める時です。実力も外に表わさず控えることです。
60,水沢節,2,-1,凶,「外に出るべき時なのに、門内の庭から外に出ようとしない。凶」。動くべき時に動かず、チャンスを逸して失敗する時です。外に目を向けて、判断力、積極性を身につけることです。◎あなたの考え方、進み方に問題点があります。よく反省し、改めましょう。
60,水沢節,3,0,平,「嗟若」は嘆き悲しむこと。「節度を守らないと、やがて嘆き悲しむことになる。改めれば問題ない」。色欲に溺れるなどして節度を失い、自制できずに破滅に至りやすい時です。自業自得というもの。◎あなたの考え方、進み方に問題点があります、よく反省し、改めましょう。
60,水沢節,4,1,吉,「節度を守って安泰を得る。通じる」。分相応を守って安泰を得る時です。あなたの人当たりの良さが評価されています。上司に従うこと。◎良い時です。
60,水沢節,5,1,吉,「節度を守って心から安んじ楽しむ。吉。進んで行けば尊敬される」。無理なく楽しく、節度を保てる時です。あなたも周囲の人も皆、素直に喜べるような方針で進むことです。◎良い時です。
60,水沢節,6,-1,凶,「度を越した節制に固執するのは凶。しかし、節制することには意義があるので悔いはなくなる」。あなたの窮屈な潔癖さに他の人がうんざりしている時です。原則にとらわれすぎず、もう少し寛容になりましょう。◎あなたの考え方、進み方に問題点があります。よく反省し、改めましょう。
61,風沢中孚,1,1,吉,「虞」はよく考えること。「它」は他に心を移すこと。「よく考えれば吉。他に心を移せば安きを失う」。本業を固く守る時です。心変わりは禁物です。◎良い時です。
61,風沢中孚,2,2,大吉,「爵」は盃のこと。「親鶴が山陰から鳴けば，子鶴もそれに応じて鳴く。ここに、うまい酒を盛った盃がある。ともにこの酒を飲み交わそうではないか」。以心伝心の時です。喜びも利益も人と分かち合うことが大切です。◎大変良い時です。
61,風沢中孚,3,0,平,「敵が現れた。太鼓を打ち鳴らす。急にやめる。あるいは、泣いたり，歌ったりする」。見境なく心が不安定で、ヒステリックな状態の時です。何事も中途半端に終わるので、進んで事を行なわないことです。とにかく冷静になる事が肝要です。◎あなたの考え方、進み方に問題点があります。よく反省し、改めましょう。
61,風沢中孚,4,1,吉,「望」は満月のこと。「匹」は仲間のこと。「月が満月に近い。馬がその連れ合いを失う。問題はない」。良くない仲間とは縁を切る時です。私事より公事、私利より公益を優先すべし。◎良い時です。
61,風沢中孚,5,2,大吉,「攣如」は手を取り合うこと。「誠があって手を取り合うようにしっかりと心を合わせて相親しむ。問題はない」。良きパートナーを得て心を一つにする時です。協調を旨とすること。◎大変良い時です。
61,風沢中孚,6,-1,凶,「翰音」は鶏のこと。「ろくに飛べない鶏は天に昇ってもすぐ落ちる。貞正であっても凶。できもしないことを望み、実力に乏しいのに掛け声ばかり、イキがるばかりで長続きしない時です。分をわきまえる必要があります。◎あなたの考え方、進み方に問題点があります。よく反省し、改めましょう。
62,雷山小過,1,-1,凶,「鳥がひたすら高く飛ぼうとする。凶」。柄もわきまえずに高い地位や一攫千金ばかり夢見て、破滅に至る時です。強欲にも限度があります。◎あなたの考え方、進み方に問題点があります。よく反省し、改めましょう。
62,雷山小過,2,0,平,「祖」は祖父。「妣」は祖母のこと。「祖父の前を通り過ぎて祖母に会う。君主に直接会わずに、その臣下に会う。問題はない」。控え目に行動し、目上の人を尊重する時です。直接当たるより代理人に当たったほうがうまくいく時。
62,雷山小過,3,-1,凶,「壯］は傷害を被ること。「出すぎないようにして防ぐ。人に従えば傷つけられる。凶」。外からもたらされる災難や迷惑に備えるべき時です。悪い仲間とは関係を絶ち、誘惑から身を守ること。◎あなたの考え方、進み方に大きな欠陥があります。よく反省し、方針の転換をしましょう。
62,雷山小過,4,0,平,「問題はない。出すぎることなく応じる。進んで応じれば危ういので、必ず用心することだ。同じ態度を固持してはならない」。むやみに人を信用してはならない時です。進んで事を起こすべからず。
62,雷山小過,5,0,平,「弋」は矢に糸をつないで鳥を捕らえる道具のこと。「西郊より密雲をなしてもまだ雨が降ってこない。公が糸のついた矢を放って穴の中に潜む獲物を獲るように、良い家臣を探し当てる」。何事もスムーズに進まぬ時です。隠れた人材をあの手この手で探し出して協力を求めることです。
62,雷山小過,6,-1,凶,「災[生/目]」は天災と人災のこと。「図に乗ってやりすぎた。飛ぶ鳥が網にかかるのと同じで凶。これを天災、人災というのだ」。人の意見に耳を貸さず調子に乗って突き進み、仕掛けられた罠や深みに自らはまるような時です。身の程を知り、目を覚ますことです。◎あなたの考え方、進み方に大きな欠陥があります。よく反省し、方針の転換をしましょう。
63,水火既済,1,0,平,「車輪を縄で縛りつける。狐が川を渡ろうとして尾を濡らし渡れない。前進しなかったら問題はない」。今は何事も前進するときではありません。しばらく心身を休めましょう。
63,水火既済,2,0,平,「弗」は髪飾りのこと。「婦人が髪飾りを失くしたが、探さなくとも七日もすれば戻ってくる」。放任主義が一番の時です。トラブルが起こっても自然に解決しますので、ゆったりと構えて待つことです。
63,水火既済,3,0,平,「高宗」は殷の王の武丁。「鬼方」は敵方の蛮族。「剛勇の王，高宗が敵を討つ。三年もかかって勝利を収める。小人は登用してはならない」。冒険心が首をもたげる時ですが、動けば間違いなく大きな危険と疲労を伴います。一般人のあなたはぐっと我慢して、独立、転職などは思い止まるべきです。
63,水火既済,4,0,平,「繻」は舟の水の漏るとこと。「衣〓」はぼろ切れ。「戒」警戒し疑うこと。「舟の水漏れをぼろ切れを詰めて塞ぐ。一日中警戒を怠らない」。ぼろが出始めた時です。いざという場合に備えて、細心の注意を払うことです。
63,水火既済,5,0,平,「〓祭」は質素な祭りのこと。「東隣では，牛を殺していけにえに供し、盛大に祭りを行なう。西隣りでは、質素に祭りを行ない、かえって福を受けている」。派手に振る舞って、外聞や見栄にこだわるよりも、質素であっても内容の充実を第一に図るべき時です。真心さえこもっていれば、人にも天にも充分通じるものです。
63,水火既済,6,0,平,「川を渡ろうとして首まで濡らしてしまった。危険である」。まさに溺れる寸前、身動きがとれずにあたふたしているような時です。才能も経験も不足しているのに、水火既済の戒めを守らず動き回った結果でしょう。再起も生命あってのもの、欲はかなぐり捨て即刻退くことです。◎あなたの考え方、進み方に問題点があります。よく反省し、改めましょう。
64,火水未済,1,0,平,「小狐が自分の力をわきまえず川を渡ろうとして、尾を濡らしてしまう。恥ずかしいことだ」。あなたは焦っていませんか。高望みしていませんか。こういう状態で突き進めば必ず失敗します。まず川を渡るための実力をつけましょう。◎あなたの考え方、進み方に問題点があります。よく反省し、改めましょう。
64,火水未済,2,1,吉,「車輪を縄で縛りつけ、貞正を守って動かないで吉」。焦らず動かず、現状維持といったところです。心静かにチャンスを待つべし。
64,火水未済,3,-1,凶,「火水未済の時、進めば凶。周囲の者と相談の上、大川を渡る準備をするのはよろしい」。いつチャンスが訪れてもいいように、大きな人生目標の計画や準備に取りかかる時です。それには周囲の人の援助を求めることです。心構えはできていますか。
64,火水未済,4,1,吉,「鬼方」は敵方の蛮族のこと。「貞正にして吉。悔いはなくなる。行動を起こして敵を攻める。三年間の長期戦ではあるが、大国をもらうような功績をたてられる」。いよいよ前進する時です。多少時間がかかっても苦労が実り、大いに実績も上がることでしょう。放り出さずに頑張りぬくこと。
64,火水未済,5,1,吉,「貞正にして吉。悔いはない。君子の徳が輝いている。誠の心があり吉」。万事円満に運ぶ時です。輝くほどの誠実さをもって進みましょう。◎良い時です。
64,火水未済,6,0,平,「お酒を飲んでも誠の心がある。問題はない。ただ、飲みすぎて酒を首の周りにこぼしたり、驕る心があったりすると、せっかくの誠をもってしても得たものを失ってしまう｣。事が成就したのはいいのですが、気の緩みから失敗を招きやすい時です。図に乗らず、節制を心がけ、有終の美を飾るべく気を引き締めましょう。
